0,0,0
0.020008,0,0
0.040016,0,0
0.060024,0,0
0.080032,0,0
0.10004,0,0
0.12005,0,0
0.14006,0,0
0.16006,0,0
0.18007,0,0
0.20008,0,0
0.22009,0,0
0.2401,0,0
0.2601,0,0
0.28011,0,0
0.30012,0,0
0.32013,0,0
0.34014,0,0
0.36014,0,0
0.38015,0,0
0.40016,0,0
0.42017,0,0
0.44018,0,0
0.46018,0,0
0.48019,0,0
0.5002,0,0
0.52021,0,0
0.54022,0,0
0.56022,0,0
0.58023,0,0
0.60024,0,0
0.62025,0,0
0.64026,0,0
0.66026,0,0
0.68027,0,0
0.70028,0,0
0.72029,0,0
0.7403,0,0
0.7603,0,0
0.78031,0,0
0.80032,0,0
0.82033,0,0
0.84034,0,0
0.86034,0,0
0.88035,0,0
0.90036,0,0
0.92037,0,0
0.94038,0,0
0.96038,0,0
0.98039,0,0
1.0004,0,0
1.0204,0,0
1.0404,0,0
1.0604,0,0
1.0804,0,0
1.1004,0,0
1.1204,0,0
1.1405,0,0
1.1605,0,0
1.1805,0,0
1.2005,0,0
1.2205,0,0
1.2405,0,0
1.2605,0,0
1.2805,0,0
1.3005,0,0
1.3205,0,0
1.3405,0,0
1.3605,0,0
1.3806,0,0
1.4006,0,0
1.4206,0,0
1.4406,0,0
1.4606,0,0
1.4806,0,0
1.5006,0,0
1.5206,0,0
1.5406,0,0
1.5606,0,0
1.5806,0,0
1.6006,0,0
1.6206,0,0
1.6407,0,0
1.6607,0,0
1.6807,0,0
1.7007,0,0
1.7207,0,0
1.7407,0,0
1.7607,0,0
1.7807,0,0
1.8007,0,0
1.8207,0,0
1.8407,0,0
1.8607,0,0
1.8808,0,0
1.9008,0,0
1.9208,0,0
1.9408,0,0
1.9608,0,0
1.9808,0,0
2.0008,0,0
2.0208,0,0
2.0408,0,0
2.0608,0,0
2.0808,0,0
2.1008,0,0
2.1208,0,0
2.1409,0,0
2.1609,0,0
2.1809,0,0
2.2009,0,0
2.2209,0,0
2.2409,0,0
2.2609,0,0
2.2809,0,0
2.3009,0,0
2.3209,0,0
2.3409,0,0
2.3609,0,0
2.381,0,0
2.401,0,0
2.421,0,0
2.441,0,0
2.461,0,0
2.481,0,0
2.501,0,0
2.521,0,0
2.541,0,0
2.561,0,0
2.581,0,0
2.601,0,0
2.621,0,0
2.6411,0,0
2.6611,0,0
2.6811,0,0
2.7011,0,0
2.7211,0,0
2.7411,0,0
2.7611,0,0
2.7811,0,0
2.8011,0,0
2.8211,0,0
2.8411,0,0
2.8611,0,0
2.8812,0,0
2.9012,0,0
2.9212,0,0
2.9412,0,0
2.9612,0,0
2.9812,0,0
3.0012,0,0
3.0212,0,0
3.0412,0,0
3.0612,0,0
3.0812,0,0
3.1012,0,0
3.1212,0,0
3.1413,0,0
3.1613,0,0
3.1813,0,0
3.2013,0,0
3.2213,0,0
3.2413,0,0
3.2613,0,0
3.2813,0,0
3.3013,0,0
3.3213,0,0
3.3413,0,0
3.3613,0,0
3.3814,0,0
3.4014,0,0
3.4214,0,0
3.4414,0,0
3.4614,0,0
3.4814,0,0
3.5014,0,0
3.5214,0,0
3.5414,0,0
3.5614,0,0
3.5814,0,0
3.6014,0,0
3.6214,0,0
3.6415,0,0
3.6615,0,0
3.6815,0,0
3.7015,0,0
3.7215,0,0
3.7415,0,0
3.7615,0,0
3.7815,0,0
3.8015,0,0
3.8215,0,0
3.8415,0,0
3.8615,0,0
3.8816,0,0
3.9016,0,0
3.9216,0,0
3.9416,0,0
3.9616,0,0
3.9816,0,0
4.0016,0,0
4.0216,0,0
4.0416,0,0
4.0616,0,0
4.0816,0,0
4.1016,0,0
4.1216,0,0
4.1417,0,0
4.1617,0,0
4.1817,0,0
4.2017,0,0
4.2217,0,0
4.2417,0,0
4.2617,0,0
4.2817,0,0
4.3017,0,0
4.3217,0,0
4.3417,0,0
4.3617,0,0
4.3818,0,0
4.4018,0,0
4.4218,0,0
4.4418,0,0
4.4618,0,0
4.4818,0,0
4.5018,0,0
4.5218,0,0
4.5418,0,0
4.5618,0,0
4.5818,0,0
4.6018,0,0
4.6218,0,0
4.6419,0,0
4.6619,0,0
4.6819,0,0
4.7019,0,0
4.7219,0,0
4.7419,0,0
4.7619,0,0
4.7819,0,0
4.8019,0,0
4.8219,0,0
4.8419,0,0
4.8619,0,0
4.882,0,0
4.902,0,0
4.922,0,0
4.942,0,0
4.962,0,0
4.982,0,0
5.002,1,0
5.022,1,4.4196e-13
5.042,1,1.4035e-11
5.062,1,1.0578e-10
5.082,1,4.4236e-10
5.102,1,1.3398e-09
5.122,1,3.3086e-09
5.1421,1,7.0972e-09
5.1621,1,1.3733e-08
5.1821,1,2.456e-08
5.2021,1,4.128e-08
5.2221,1,6.5982e-08
5.2421,1,1.0118e-07
5.2621,1,1.4984e-07
5.2821,1,2.1541e-07
5.3021,1,3.0187e-07
5.3221,1,4.137e-07
5.3421,1,5.5599e-07
5.3621,1,7.3438e-07
5.3822,1,9.5514e-07
5.4022,1,1.2251e-06
5.4222,1,1.5519e-06
5.4422,1,1.9437e-06
5.4622,1,2.4094e-06
5.4822,1,2.9586e-06
5.5022,1,3.6014e-06
5.5222,1,4.3491e-06
5.5422,1,5.2132e-06
5.5622,1,6.2064e-06
5.5822,1,7.3418e-06
5.6022,1,8.6334e-06
5.6222,1,1.0096e-05
5.6423,1,1.1745e-05
5.6623,1,1.3597e-05
5.6823,1,1.5669e-05
5.7023,1,1.7979e-05
5.7223,1,2.0546e-05
5.7423,1,2.3388e-05
5.7623,1,2.6527e-05
5.7823,1,2.9983e-05
5.8023,1,3.3779e-05
5.8223,1,3.7936e-05
5.8423,1,4.2479e-05
5.8623,1,4.7431e-05
5.8824,1,5.2818e-05
5.9024,1,5.8665e-05
5.9224,1,6.4999e-05
5.9424,1,7.1848e-05
5.9624,1,7.9239e-05
5.9824,1,8.7201e-05
6.0024,1,9.5763e-05
6.0224,1,0.00010496
6.0424,1,0.00011481
6.0624,1,0.00012536
6.0824,1,0.00013664
6.1024,1,0.00014868
6.1224,1,0.00016151
6.1425,1,0.00017517
6.1625,1,0.0001897
6.1825,1,0.00020512
6.2025,1,0.00022148
6.2225,1,0.00023882
6.2425,1,0.00025717
6.2625,1,0.00027657
6.2825,1,0.00029706
6.3025,1,0.00031868
6.3225,1,0.00034147
6.3425,1,0.00036547
6.3625,1,0.00039073
6.3826,1,0.00041728
6.4026,1,0.00044517
6.4226,1,0.00047445
6.4426,1,0.00050515
6.4626,1,0.00053732
6.4826,1,0.00057101
6.5026,1,0.00060626
6.5226,1,0.00064312
6.5426,1,0.00068163
6.5626,1,0.00072184
6.5826,1,0.0007638
6.6026,1,0.00080755
6.6226,1,0.00085315
6.6427,1,0.00090064
6.6627,1,0.00095007
6.6827,1,0.0010015
6.7027,1,0.001055
6.7227,1,0.0011105
6.7427,1,0.0011682
6.7627,1,0.0012281
6.7827,1,0.0012902
6.8027,1,0.0013547
6.8227,1,0.0014214
6.8427,1,0.0014906
6.8627,1,0.0015622
6.8828,1,0.0016364
6.9028,1,0.001713
6.9228,1,0.0017923
6.9428,1,0.0018743
6.9628,1,0.001959
6.9828,1,0.0020464
7.0028,1,0.0021367
7.0228,1,0.0022298
7.0428,1,0.0023259
7.0628,1,0.0024249
7.0828,1,0.002527
7.1028,1,0.0026322
7.1228,1,0.0027405
7.1429,1,0.0028521
7.1629,1,0.0029669
7.1829,1,0.003085
7.2029,1,0.0032065
7.2229,1,0.0033314
7.2429,1,0.0034597
7.2629,1,0.0035917
7.2829,1,0.0037271
7.3029,1,0.0038663
7.3229,1,0.0040091
7.3429,1,0.0041557
7.3629,1,0.0043061
7.383,1,0.0044604
7.403,1,0.0046186
7.423,1,0.0047807
7.443,1,0.0049469
7.463,1,0.0051171
7.483,1,0.0052915
7.503,1,0.0054701
7.523,1,0.005653
7.543,1,0.0058401
7.563,1,0.0060316
7.583,1,0.0062275
7.603,1,0.0064278
7.623,1,0.0066327
7.6431,1,0.0068421
7.6631,1,0.0070561
7.6831,1,0.0072749
7.7031,1,0.0074983
7.7231,1,0.0077265
7.7431,1,0.0079596
7.7631,1,0.0081976
7.7831,1,0.0084404
7.8031,1,0.0086883
7.8231,1,0.0089412
7.8431,1,0.0091992
7.8631,1,0.0094624
7.8832,1,0.0097307
7.9032,1,0.010004
7.9232,1,0.010283
7.9432,1,0.010567
7.9632,1,0.010857
7.9832,1,0.011152
8.0032,1,0.011453
8.0232,1,0.011759
8.0432,1,0.01207
8.0632,1,0.012388
8.0832,1,0.012711
8.1032,1,0.013039
8.1232,1,0.013374
8.1433,1,0.013714
8.1633,1,0.01406
8.1833,1,0.014412
8.2033,1,0.01477
8.2233,1,0.015135
8.2433,1,0.015505
8.2633,1,0.015881
8.2833,1,0.016263
8.3033,1,0.016652
8.3233,1,0.017047
8.3433,1,0.017448
8.3633,1,0.017855
8.3834,1,0.018269
8.4034,1,0.018689
8.4234,1,0.019116
8.4434,1,0.019549
8.4634,1,0.019988
8.4834,1,0.020434
8.5034,1,0.020887
8.5234,1,0.021346
8.5434,1,0.021812
8.5634,1,0.022285
8.5834,1,0.022765
8.6034,1,0.023251
8.6234,1,0.023744
8.6435,1,0.024244
8.6635,1,0.024751
8.6835,1,0.025265
8.7035,1,0.025786
8.7235,1,0.026314
8.7435,1,0.026848
8.7635,1,0.02739
8.7835,1,0.027939
8.8035,1,0.028496
8.8235,1,0.029059
8.8435,1,0.02963
8.8635,1,0.030207
8.8836,1,0.030792
8.9036,1,0.031385
8.9236,1,0.031985
8.9436,1,0.032592
8.9636,1,0.033206
8.9836,1,0.033828
9.0036,1,0.034457
9.0236,1,0.035094
9.0436,1,0.035738
9.0636,1,0.03639
9.0836,1,0.037049
9.1036,1,0.037716
9.1236,1,0.038391
9.1437,1,0.039073
9.1637,1,0.039763
9.1837,1,0.04046
9.2037,1,0.041165
9.2237,1,0.041878
9.2437,1,0.042599
9.2637,1,0.043327
9.2837,1,0.044063
9.3037,1,0.044807
9.3237,1,0.045559
9.3437,1,0.046319
9.3637,1,0.047086
9.3838,1,0.047862
9.4038,1,0.048645
9.4238,1,0.049436
9.4438,1,0.050235
9.4638,1,0.051042
9.4838,1,0.051857
9.5038,1,0.05268
9.5238,1,0.053512
9.5438,1,0.054351
9.5638,1,0.055198
9.5838,1,0.056053
9.6038,1,0.056916
9.6238,1,0.057787
9.6439,1,0.058667
9.6639,1,0.059554
9.6839,1,0.06045
9.7039,1,0.061353
9.7239,1,0.062265
9.7439,1,0.063185
9.7639,1,0.064113
9.7839,1,0.065049
9.8039,1,0.065994
9.8239,1,0.066946
9.8439,1,0.067907
9.8639,1,0.068876
9.884,1,0.069853
9.904,1,0.070838
9.924,1,0.071832
9.944,1,0.072834
9.964,1,0.073843
9.984,1,0.074862
10.004,1,0.075888
10.024,1,0.076923
10.044,1,0.077966
10.064,1,0.079017
10.084,1,0.080076
10.104,1,0.081144
10.124,1,0.082219
10.144,1,0.083303
10.164,1,0.084396
10.184,1,0.085496
10.204,1,0.086605
10.224,1,0.087722
10.244,1,0.088847
10.264,1,0.089981
10.284,1,0.091123
10.304,1,0.092272
10.324,1,0.093431
10.344,1,0.094597
10.364,1,0.095772
10.384,1,0.096955
10.404,1,0.098146
10.424,1,0.099345
10.444,1,0.10055
10.464,1,0.10177
10.484,1,0.10299
10.504,1,0.10422
10.524,1,0.10546
10.544,1,0.10671
10.564,1,0.10797
10.584,1,0.10923
10.604,1,0.11051
10.624,1,0.11179
10.644,1,0.11308
10.664,1,0.11437
10.684,1,0.11568
10.704,1,0.11699
10.724,1,0.11832
10.744,1,0.11964
10.764,1,0.12098
10.784,1,0.12233
10.804,1,0.12368
10.824,1,0.12504
10.844,1,0.12641
10.864,1,0.12779
10.884,1,0.12918
10.904,1,0.13057
10.924,1,0.13197
10.944,1,0.13338
10.964,1,0.1348
10.984,1,0.13623
11.004,1,0.13766
11.024,1,0.1391
11.044,1,0.14055
11.064,1,0.14201
11.084,1,0.14347
11.104,1,0.14495
11.124,1,0.14643
11.144,1,0.14791
11.164,1,0.14941
11.184,1,0.15091
11.204,1,0.15243
11.224,1,0.15395
11.244,1,0.15547
11.265,1,0.15701
11.285,1,0.15855
11.305,1,0.1601
11.325,1,0.16166
11.345,1,0.16322
11.365,1,0.16479
11.385,1,0.16638
11.405,1,0.16796
11.425,1,0.16956
11.445,1,0.17116
11.465,1,0.17277
11.485,1,0.17439
11.505,1,0.17601
11.525,1,0.17765
11.545,1,0.17929
11.565,1,0.18093
11.585,1,0.18259
11.605,1,0.18425
11.625,1,0.18592
11.645,1,0.1876
11.665,1,0.18928
11.685,1,0.19097
11.705,1,0.19267
11.725,1,0.19437
11.745,1,0.19609
11.765,1,0.19781
11.785,1,0.19953
11.805,1,0.20127
11.825,1,0.20301
11.845,1,0.20475
11.865,1,0.20651
11.885,1,0.20827
11.905,1,0.21004
11.925,1,0.21181
11.945,1,0.2136
11.965,1,0.21538
11.985,1,0.21718
12.005,1,0.21898
12.025,1,0.22079
12.045,1,0.22261
12.065,1,0.22443
12.085,1,0.22626
12.105,1,0.2281
12.125,1,0.22994
12.145,1,0.23179
12.165,1,0.23364
12.185,1,0.23551
12.205,1,0.23737
12.225,1,0.23925
12.245,1,0.24113
12.265,1,0.24302
12.285,1,0.24491
12.305,1,0.24681
12.325,1,0.24872
12.345,1,0.25063
12.365,1,0.25255
12.385,1,0.25448
12.405,1,0.25641
12.425,1,0.25835
12.445,1,0.26029
12.465,1,0.26224
12.485,1,0.2642
12.505,1,0.26616
12.525,1,0.26813
12.545,1,0.2701
12.565,1,0.27208
12.585,1,0.27407
12.605,1,0.27606
12.625,1,0.27806
12.645,1,0.28006
12.665,1,0.28207
12.685,1,0.28409
12.705,1,0.28611
12.725,1,0.28814
12.745,1,0.29017
12.765,1,0.2922
12.785,1,0.29425
12.805,1,0.2963
12.825,1,0.29835
12.845,1,0.30041
12.865,1,0.30248
12.885,1,0.30455
12.905,1,0.30662
12.925,1,0.3087
12.945,1,0.31079
12.965,1,0.31288
12.985,1,0.31498
13.005,1,0.31708
13.025,1,0.31919
13.045,1,0.3213
13.065,1,0.32342
13.085,1,0.32554
13.105,1,0.32767
13.125,1,0.3298
13.145,1,0.33194
13.165,1,0.33408
13.185,1,0.33623
13.205,1,0.33838
13.225,1,0.34053
13.245,1,0.3427
13.265,1,0.34486
13.285,1,0.34703
13.305,1,0.34921
13.325,1,0.35139
13.345,1,0.35357
13.365,1,0.35576
13.385,1,0.35796
13.405,1,0.36016
13.425,1,0.36236
13.445,1,0.36457
13.465,1,0.36678
13.485,1,0.369
13.505,1,0.37122
13.525,1,0.37344
13.545,1,0.37567
13.565,1,0.3779
13.585,1,0.38014
13.605,1,0.38238
13.625,1,0.38463
13.645,1,0.38688
13.665,1,0.38913
13.685,1,0.39139
13.705,1,0.39365
13.725,1,0.39592
13.745,1,0.39819
13.766,1,0.40046
13.786,1,0.40274
13.806,1,0.40502
13.826,1,0.4073
13.846,1,0.40959
13.866,1,0.41188
13.886,1,0.41418
13.906,1,0.41648
13.926,1,0.41878
13.946,1,0.42109
13.966,1,0.4234
13.986,1,0.42571
14.006,1,0.42803
14.026,1,0.43035
14.046,1,0.43267
14.066,1,0.435
14.086,1,0.43733
14.106,1,0.43966
14.126,1,0.442
14.146,1,0.44434
14.166,1,0.44668
14.186,1,0.44903
14.206,1,0.45138
14.226,1,0.45373
14.246,1,0.45609
14.266,1,0.45845
14.286,1,0.46081
14.306,1,0.46317
14.326,1,0.46554
14.346,1,0.46791
14.366,1,0.47028
14.386,1,0.47266
14.406,1,0.47504
14.426,1,0.47742
14.446,1,0.4798
14.466,1,0.48219
14.486,1,0.48458
14.506,1,0.48697
14.526,1,0.48936
14.546,1,0.49176
14.566,1,0.49416
14.586,1,0.49656
14.606,1,0.49896
14.626,1,0.50137
14.646,1,0.50378
14.666,1,0.50619
14.686,1,0.5086
14.706,1,0.51102
14.726,1,0.51344
14.746,1,0.51586
14.766,1,0.51828
14.786,1,0.5207
14.806,1,0.52313
14.826,1,0.52556
14.846,1,0.52799
14.866,1,0.53042
14.886,1,0.53285
14.906,1,0.53529
14.926,1,0.53773
14.946,1,0.54017
14.966,1,0.54261
14.986,1,0.54505
15.006,1,0.5475
15.026,1,0.54995
15.046,1,0.55239
15.066,1,0.55484
15.086,1,0.5573
15.106,1,0.55975
15.126,1,0.5622
15.146,1,0.56466
15.166,1,0.56712
15.186,1,0.56958
15.206,1,0.57204
15.226,1,0.5745
15.246,1,0.57696
15.266,1,0.57943
15.286,1,0.58189
15.306,1,0.58436
15.326,1,0.58683
15.346,1,0.5893
15.366,1,0.59177
15.386,1,0.59424
15.406,1,0.59672
15.426,1,0.59919
15.446,1,0.60167
15.466,1,0.60414
15.486,1,0.60662
15.506,1,0.6091
15.526,1,0.61158
15.546,1,0.61406
15.566,1,0.61654
15.586,1,0.61902
15.606,1,0.6215
15.626,1,0.62399
15.646,1,0.62647
15.666,1,0.62896
15.686,1,0.63144
15.706,1,0.63393
15.726,1,0.63641
15.746,1,0.6389
15.766,1,0.64139
15.786,1,0.64388
15.806,1,0.64637
15.826,1,0.64886
15.846,1,0.65135
15.866,1,0.65384
15.886,1,0.65633
15.906,1,0.65882
15.926,1,0.66131
15.946,1,0.6638
15.966,1,0.6663
15.986,1,0.66879
16.006,1,0.67128
16.026,1,0.67377
16.046,1,0.67627
16.066,1,0.67876
16.086,1,0.68125
16.106,1,0.68375
16.126,1,0.68624
16.146,1,0.68873
16.166,1,0.69123
16.186,1,0.69372
16.206,1,0.69621
16.226,1,0.69871
16.246,1,0.7012
16.267,1,0.70369
16.287,1,0.70619
16.307,1,0.70868
16.327,1,0.71117
16.347,1,0.71367
16.367,1,0.71616
16.387,1,0.71865
16.407,1,0.72114
16.427,1,0.72363
16.447,1,0.72612
16.467,1,0.72862
16.487,1,0.73111
16.507,1,0.7336
16.527,1,0.73608
16.547,1,0.73857
16.567,1,0.74106
16.587,1,0.74355
16.607,1,0.74604
16.627,1,0.74852
16.647,1,0.75101
16.667,1,0.7535
16.687,1,0.75598
16.707,1,0.75847
16.727,1,0.76095
16.747,1,0.76343
16.767,1,0.76591
16.787,1,0.76839
16.807,1,0.77088
16.827,1,0.77336
16.847,1,0.77583
16.867,1,0.77831
16.887,1,0.78079
16.907,1,0.78327
16.927,1,0.78574
16.947,1,0.78822
16.967,1,0.79069
16.987,1,0.79316
17.007,1,0.79563
17.027,1,0.7981
17.047,1,0.80057
17.067,1,0.80304
17.087,1,0.80551
17.107,1,0.80797
17.127,1,0.81044
17.147,1,0.8129
17.167,1,0.81536
17.187,1,0.81783
17.207,1,0.82029
17.227,1,0.82274
17.247,1,0.8252
17.267,1,0.82766
17.287,1,0.83011
17.307,1,0.83257
17.327,1,0.83502
17.347,1,0.83747
17.367,1,0.83992
17.387,1,0.84237
17.407,1,0.84481
17.427,1,0.84726
17.447,1,0.8497
17.467,1,0.85214
17.487,1,0.85458
17.507,1,0.85702
17.527,1,0.85946
17.547,1,0.8619
17.567,1,0.86433
17.587,1,0.86676
17.607,1,0.8692
17.627,1,0.87162
17.647,1,0.87405
17.667,1,0.87648
17.687,1,0.8789
17.707,1,0.88133
17.727,1,0.88375
17.747,1,0.88617
17.767,1,0.88858
17.787,1,0.891
17.807,1,0.89341
17.827,1,0.89582
17.847,1,0.89823
17.867,1,0.90064
17.887,1,0.90305
17.907,1,0.90545
17.927,1,0.90786
17.947,1,0.91026
17.967,1,0.91266
17.987,1,0.91505
18.007,1,0.91745
18.027,1,0.91984
18.047,1,0.92223
18.067,1,0.92462
18.087,1,0.927
18.107,1,0.92939
18.127,1,0.93177
18.147,1,0.93415
18.167,1,0.93653
18.187,1,0.93891
18.207,1,0.94128
18.227,1,0.94365
18.247,1,0.94602
18.267,1,0.94839
18.287,1,0.95075
18.307,1,0.95312
18.327,1,0.95548
18.347,1,0.95784
18.367,1,0.96019
18.387,1,0.96255
18.407,1,0.9649
18.427,1,0.96725
18.447,1,0.96959
18.467,1,0.97194
18.487,1,0.97428
18.507,1,0.97662
18.527,1,0.97896
18.547,1,0.98129
18.567,1,0.98363
18.587,1,0.98596
18.607,1,0.98828
18.627,1,0.99061
18.647,1,0.99293
18.667,1,0.99525
18.687,1,0.99757
18.707,1,0.99989
18.727,1,1.0022
18.747,1,1.0045
18.768,1,1.0068
18.788,1,1.0091
18.808,1,1.0114
18.828,1,1.0137
18.848,1,1.016
18.868,1,1.0183
18.888,1,1.0206
18.908,1,1.0229
18.928,1,1.0252
18.948,1,1.0275
18.968,1,1.0298
18.988,1,1.032
19.008,1,1.0343
19.028,1,1.0366
19.048,1,1.0389
19.068,1,1.0411
19.088,1,1.0434
19.108,1,1.0456
19.128,1,1.0479
19.148,1,1.0502
19.168,1,1.0524
19.188,1,1.0547
19.208,1,1.0569
19.228,1,1.0592
19.248,1,1.0614
19.268,1,1.0637
19.288,1,1.0659
19.308,1,1.0681
19.328,1,1.0704
19.348,1,1.0726
19.368,1,1.0748
19.388,1,1.077
19.408,1,1.0793
19.428,1,1.0815
19.448,1,1.0837
19.468,1,1.0859
19.488,1,1.0881
19.508,1,1.0903
19.528,1,1.0925
19.548,1,1.0947
19.568,1,1.0969
19.588,1,1.0991
19.608,1,1.1013
19.628,1,1.1035
19.648,1,1.1057
19.668,1,1.1079
19.688,1,1.11
19.708,1,1.1122
19.728,1,1.1144
19.748,1,1.1165
19.768,1,1.1187
19.788,1,1.1209
19.808,1,1.123
19.828,1,1.1252
19.848,1,1.1274
19.868,1,1.1295
19.888,1,1.1316
19.908,1,1.1338
19.928,1,1.1359
19.948,1,1.1381
19.968,1,1.1402
19.988,1,1.1423
20.008,1,1.1445
20.028,1,1.1466
20.048,1,1.1487
20.068,1,1.1508
20.088,1,1.153
20.108,1,1.1551
20.128,1,1.1572
20.148,1,1.1593
20.168,1,1.1614
20.188,1,1.1635
20.208,1,1.1656
20.228,1,1.1677
20.248,1,1.1698
20.268,1,1.1719
20.288,1,1.1739
20.308,1,1.176
20.328,1,1.1781
20.348,1,1.1802
20.368,1,1.1823
20.388,1,1.1843
20.408,1,1.1864
20.428,1,1.1884
20.448,1,1.1905
20.468,1,1.1926
20.488,1,1.1946
20.508,1,1.1967
20.528,1,1.1987
20.548,1,1.2007
20.568,1,1.2028
20.588,1,1.2048
20.608,1,1.2069
20.628,1,1.2089
20.648,1,1.2109
20.668,1,1.2129
20.688,1,1.2149
20.708,1,1.217
20.728,1,1.219
20.748,1,1.221
20.768,1,1.223
20.788,1,1.225
20.808,1,1.227
20.828,1,1.229
20.848,1,1.231
20.868,1,1.233
20.888,1,1.235
20.908,1,1.2369
20.928,1,1.2389
20.948,1,1.2409
20.968,1,1.2429
20.988,1,1.2448
21.008,1,1.2468
21.028,1,1.2487
21.048,1,1.2507
21.068,1,1.2527
21.088,1,1.2546
21.108,1,1.2566
21.128,1,1.2585
21.148,1,1.2604
21.168,1,1.2624
21.188,1,1.2643
21.208,1,1.2662
21.228,1,1.2682
21.248,1,1.2701
21.269,1,1.272
21.289,1,1.2739
21.309,1,1.2758
21.329,1,1.2778
21.349,1,1.2797
21.369,1,1.2816
21.389,1,1.2835
21.409,1,1.2854
21.429,1,1.2873
21.449,1,1.2891
21.469,1,1.291
21.489,1,1.2929
21.509,1,1.2948
21.529,1,1.2967
21.549,1,1.2985
21.569,1,1.3004
21.589,1,1.3023
21.609,1,1.3041
21.629,1,1.306
21.649,1,1.3078
21.669,1,1.3097
21.689,1,1.3115
21.709,1,1.3134
21.729,1,1.3152
21.749,1,1.3171
21.769,1,1.3189
21.789,1,1.3207
21.809,1,1.3225
21.829,1,1.3244
21.849,1,1.3262
21.869,1,1.328
21.889,1,1.3298
21.909,1,1.3316
21.929,1,1.3334
21.949,1,1.3352
21.969,1,1.337
21.989,1,1.3388
22.009,1,1.3406
22.029,1,1.3424
22.049,1,1.3442
22.069,1,1.346
22.089,1,1.3477
22.109,1,1.3495
22.129,1,1.3513
22.149,1,1.3531
22.169,1,1.3548
22.189,1,1.3566
22.209,1,1.3583
22.229,1,1.3601
22.249,1,1.3618
22.269,1,1.3636
22.289,1,1.3653
22.309,1,1.3671
22.329,1,1.3688
22.349,1,1.3705
22.369,1,1.3723
22.389,1,1.374
22.409,1,1.3757
22.429,1,1.3774
22.449,1,1.3791
22.469,1,1.3808
22.489,1,1.3825
22.509,1,1.3843
22.529,1,1.386
22.549,1,1.3876
22.569,1,1.3893
22.589,1,1.391
22.609,1,1.3927
22.629,1,1.3944
22.649,1,1.3961
22.669,1,1.3978
22.689,1,1.3994
22.709,1,1.4011
22.729,1,1.4028
22.749,1,1.4044
22.769,1,1.4061
22.789,1,1.4077
22.809,1,1.4094
22.829,1,1.411
22.849,1,1.4127
22.869,1,1.4143
22.889,1,1.416
22.909,1,1.4176
22.929,1,1.4192
22.949,1,1.4208
22.969,1,1.4225
22.989,1,1.4241
23.009,1,1.4257
23.029,1,1.4273
23.049,1,1.4289
23.069,1,1.4305
23.089,1,1.4321
23.109,1,1.4337
23.129,1,1.4353
23.149,1,1.4369
23.169,1,1.4385
23.189,1,1.4401
23.209,1,1.4417
23.229,1,1.4433
23.249,1,1.4448
23.269,1,1.4464
23.289,1,1.448
23.309,1,1.4495
23.329,1,1.4511
23.349,1,1.4527
23.369,1,1.4542
23.389,1,1.4558
23.409,1,1.4573
23.429,1,1.4589
23.449,1,1.4604
23.469,1,1.4619
23.489,1,1.4635
23.509,1,1.465
23.529,1,1.4665
23.549,1,1.468
23.569,1,1.4696
23.589,1,1.4711
23.609,1,1.4726
23.629,1,1.4741
23.649,1,1.4756
23.669,1,1.4771
23.689,1,1.4786
23.709,1,1.4801
23.729,1,1.4816
23.749,1,1.4831
23.77,1,1.4846
23.79,1,1.4861
23.81,1,1.4875
23.83,1,1.489
23.85,1,1.4905
23.87,1,1.492
23.89,1,1.4934
23.91,1,1.4949
23.93,1,1.4963
23.95,1,1.4978
23.97,1,1.4993
23.99,1,1.5007
24.01,1,1.5021
24.03,1,1.5036
24.05,1,1.505
24.07,1,1.5065
24.09,1,1.5079
24.11,1,1.5093
24.13,1,1.5108
24.15,1,1.5122
24.17,1,1.5136
24.19,1,1.515
24.21,1,1.5164
24.23,1,1.5178
24.25,1,1.5192
24.27,1,1.5206
24.29,1,1.522
24.31,1,1.5234
24.33,1,1.5248
24.35,1,1.5262
24.37,1,1.5276
24.39,1,1.529
24.41,1,1.5304
24.43,1,1.5317
24.45,1,1.5331
24.47,1,1.5345
24.49,1,1.5359
24.51,1,1.5372
24.53,1,1.5386
24.55,1,1.5399
24.57,1,1.5413
24.59,1,1.5426
24.61,1,1.544
24.63,1,1.5453
24.65,1,1.5467
24.67,1,1.548
24.69,1,1.5493
24.71,1,1.5507
24.73,1,1.552
24.75,1,1.5533
24.77,1,1.5546
24.79,1,1.556
24.81,1,1.5573
24.83,1,1.5586
24.85,1,1.5599
24.87,1,1.5612
24.89,1,1.5625
24.91,1,1.5638
24.93,1,1.5651
24.95,1,1.5664
24.97,1,1.5677
24.99,1,1.569
25.01,1,1.5702
25.03,1,1.5715
25.05,1,1.5728
25.07,1,1.5741
25.09,1,1.5753
25.11,1,1.5766
25.13,1,1.5779
25.15,1,1.5791
25.17,1,1.5804
25.19,1,1.5816
25.21,1,1.5829
25.23,1,1.5841
25.25,1,1.5854
25.27,1,1.5866
25.29,1,1.5879
25.31,1,1.5891
25.33,1,1.5903
25.35,1,1.5916
25.37,1,1.5928
25.39,1,1.594
25.41,1,1.5952
25.43,1,1.5965
25.45,1,1.5977
25.47,1,1.5989
25.49,1,1.6001
25.51,1,1.6013
25.53,1,1.6025
25.55,1,1.6037
25.57,1,1.6049
25.59,1,1.6061
25.61,1,1.6073
25.63,1,1.6085
25.65,1,1.6097
25.67,1,1.6108
25.69,1,1.612
25.71,1,1.6132
25.73,1,1.6144
25.75,1,1.6155
25.77,1,1.6167
25.79,1,1.6179
25.81,1,1.619
25.83,1,1.6202
25.85,1,1.6213
25.87,1,1.6225
25.89,1,1.6236
25.91,1,1.6248
25.93,1,1.6259
25.95,1,1.6271
25.97,1,1.6282
25.99,1,1.6293
26.01,1,1.6305
26.03,1,1.6316
26.05,1,1.6327
26.07,1,1.6338
26.09,1,1.635
26.11,1,1.6361
26.13,1,1.6372
26.15,1,1.6383
26.17,1,1.6394
26.19,1,1.6405
26.21,1,1.6416
26.23,1,1.6427
26.251,1,1.6438
26.271,1,1.6449
26.291,1,1.646
26.311,1,1.6471
26.331,1,1.6482
26.351,1,1.6492
26.371,1,1.6503
26.391,1,1.6514
26.411,1,1.6525
26.431,1,1.6535
26.451,1,1.6546
26.471,1,1.6557
26.491,1,1.6567
26.511,1,1.6578
26.531,1,1.6588
26.551,1,1.6599
26.571,1,1.6609
26.591,1,1.662
26.611,1,1.663
26.631,1,1.6641
26.651,1,1.6651
26.671,1,1.6662
26.691,1,1.6672
26.711,1,1.6682
26.731,1,1.6692
26.751,1,1.6703
26.771,1,1.6713
26.791,1,1.6723
26.811,1,1.6733
26.831,1,1.6743
26.851,1,1.6754
26.871,1,1.6764
26.891,1,1.6774
26.911,1,1.6784
26.931,1,1.6794
26.951,1,1.6804
26.971,1,1.6814
26.991,1,1.6824
27.011,1,1.6834
27.031,1,1.6843
27.051,1,1.6853
27.071,1,1.6863
27.091,1,1.6873
27.111,1,1.6883
27.131,1,1.6892
27.151,1,1.6902
27.171,1,1.6912
27.191,1,1.6921
27.211,1,1.6931
27.231,1,1.6941
27.251,1,1.695
27.271,1,1.696
27.291,1,1.6969
27.311,1,1.6979
27.331,1,1.6988
27.351,1,1.6998
27.371,1,1.7007
27.391,1,1.7017
27.411,1,1.7026
27.431,1,1.7035
27.451,1,1.7045
27.471,1,1.7054
27.491,1,1.7063
27.511,1,1.7073
27.531,1,1.7082
27.551,1,1.7091
27.571,1,1.71
27.591,1,1.7109
27.611,1,1.7118
27.631,1,1.7127
27.651,1,1.7137
27.671,1,1.7146
27.691,1,1.7155
27.711,1,1.7164
27.731,1,1.7173
27.751,1,1.7182
27.771,1,1.719
27.791,1,1.7199
27.811,1,1.7208
27.831,1,1.7217
27.851,1,1.7226
27.871,1,1.7235
27.891,1,1.7243
27.911,1,1.7252
27.931,1,1.7261
27.951,1,1.727
27.971,1,1.7278
27.991,1,1.7287
28.011,1,1.7296
28.031,1,1.7304
28.051,1,1.7313
28.071,1,1.7321
28.091,1,1.733
28.111,1,1.7338
28.131,1,1.7347
28.151,1,1.7355
28.171,1,1.7364
28.191,1,1.7372
28.211,1,1.738
28.231,1,1.7389
28.251,1,1.7397
28.271,1,1.7405
28.291,1,1.7414
28.311,1,1.7422
28.331,1,1.743
28.351,1,1.7438
28.371,1,1.7447
28.391,1,1.7455
28.411,1,1.7463
28.431,1,1.7471
28.451,1,1.7479
28.471,1,1.7487
28.491,1,1.7495
28.511,1,1.7503
28.531,1,1.7511
28.551,1,1.7519
28.571,1,1.7527
28.591,1,1.7535
28.611,1,1.7543
28.631,1,1.7551
28.651,1,1.7559
28.671,1,1.7567
28.691,1,1.7575
28.711,1,1.7582
28.731,1,1.759
28.752,1,1.7598
28.772,1,1.7606
28.792,1,1.7613
28.812,1,1.7621
28.832,1,1.7629
28.852,1,1.7637
28.872,1,1.7644
28.892,1,1.7652
28.912,1,1.7659
28.932,1,1.7667
28.952,1,1.7674
28.972,1,1.7682
28.992,1,1.7689
29.012,1,1.7697
29.032,1,1.7704
29.052,1,1.7712
29.072,1,1.7719
29.092,1,1.7727
29.112,1,1.7734
29.132,1,1.7741
29.152,1,1.7749
29.172,1,1.7756
29.192,1,1.7763
29.212,1,1.777
29.232,1,1.7778
29.252,1,1.7785
29.272,1,1.7792
29.292,1,1.7799
29.312,1,1.7806
29.332,1,1.7814
29.352,1,1.7821
29.372,1,1.7828
29.392,1,1.7835
29.412,1,1.7842
29.432,1,1.7849
29.452,1,1.7856
29.472,1,1.7863
29.492,1,1.787
29.512,1,1.7877
29.532,1,1.7884
29.552,1,1.7891
29.572,1,1.7898
29.592,1,1.7904
29.612,1,1.7911
29.632,1,1.7918
29.652,1,1.7925
29.672,1,1.7932
29.692,1,1.7938
29.712,1,1.7945
29.732,1,1.7952
29.752,1,1.7959
29.772,1,1.7965
29.792,1,1.7972
29.812,1,1.7979
29.832,1,1.7985
29.852,1,1.7992
29.872,1,1.7998
29.892,1,1.8005
29.912,1,1.8012
29.932,1,1.8018
29.952,1,1.8025
29.972,1,1.8031
29.992,1,1.8038
30.012,1,1.8044
30.032,1,1.805
30.052,1,1.8057
30.072,1,1.8063
30.092,1,1.807
30.112,1,1.8076
30.132,1,1.8082
30.152,1,1.8089
30.172,1,1.8095
30.192,1,1.8101
30.212,1,1.8107
30.232,1,1.8114
30.252,1,1.812
30.272,1,1.8126
30.292,1,1.8132
30.312,1,1.8139
30.332,1,1.8145
30.352,1,1.8151
30.372,1,1.8157
30.392,1,1.8163
30.412,1,1.8169
30.432,1,1.8175
30.452,1,1.8181
30.472,1,1.8187
30.492,1,1.8193
30.512,1,1.8199
30.532,1,1.8205
30.552,1,1.8211
30.572,1,1.8217
30.592,1,1.8223
30.612,1,1.8229
30.632,1,1.8235
30.652,1,1.8241
30.672,1,1.8246
30.692,1,1.8252
30.712,1,1.8258
30.732,1,1.8264
30.752,1,1.827
30.772,1,1.8275
30.792,1,1.8281
30.812,1,1.8287
30.832,1,1.8292
30.852,1,1.8298
30.872,1,1.8304
30.892,1,1.8309
30.912,1,1.8315
30.932,1,1.8321
30.952,1,1.8326
30.972,1,1.8332
30.992,1,1.8337
31.012,1,1.8343
31.032,1,1.8348
31.052,1,1.8354
31.072,1,1.836
31.092,1,1.8365
31.112,1,1.837
31.132,1,1.8376
31.152,1,1.8381
31.172,1,1.8387
31.192,1,1.8392
31.212,1,1.8397
31.232,1,1.8403
31.253,1,1.8408
31.273,1,1.8414
31.293,1,1.8419
31.313,1,1.8424
31.333,1,1.8429
31.353,1,1.8435
31.373,1,1.844
31.393,1,1.8445
31.413,1,1.845
31.433,1,1.8456
31.453,1,1.8461
31.473,1,1.8466
31.493,1,1.8471
31.513,1,1.8476
31.533,1,1.8481
31.553,1,1.8486
31.573,1,1.8491
31.593,1,1.8497
31.613,1,1.8502
31.633,1,1.8507
31.653,1,1.8512
31.673,1,1.8517
31.693,1,1.8522
31.713,1,1.8527
31.733,1,1.8532
31.753,1,1.8537
31.773,1,1.8541
31.793,1,1.8546
31.813,1,1.8551
31.833,1,1.8556
31.853,1,1.8561
31.873,1,1.8566
31.893,1,1.8571
31.913,1,1.8576
31.933,1,1.858
31.953,1,1.8585
31.973,1,1.859
31.993,1,1.8595
32.013,1,1.8599
32.033,1,1.8604
32.053,1,1.8609
32.073,1,1.8614
32.093,1,1.8618
32.113,1,1.8623
32.133,1,1.8628
32.153,1,1.8632
32.173,1,1.8637
32.193,1,1.8641
32.213,1,1.8646
32.233,1,1.8651
32.253,1,1.8655
32.273,1,1.866
32.293,1,1.8664
32.313,1,1.8669
32.333,1,1.8673
32.353,1,1.8678
32.373,1,1.8682
32.393,1,1.8687
32.413,1,1.8691
32.433,1,1.8696
32.453,1,1.87
32.473,1,1.8705
32.493,1,1.8709
32.513,1,1.8713
32.533,1,1.8718
32.553,1,1.8722
32.573,1,1.8726
32.593,1,1.8731
32.613,1,1.8735
32.633,1,1.8739
32.653,1,1.8744
32.673,1,1.8748
32.693,1,1.8752
32.713,1,1.8757
32.733,1,1.8761
32.753,1,1.8765
32.773,1,1.8769
32.793,1,1.8773
32.813,1,1.8778
32.833,1,1.8782
32.853,1,1.8786
32.873,1,1.879
32.893,1,1.8794
32.913,1,1.8798
32.933,1,1.8802
32.953,1,1.8806
32.973,1,1.8811
32.993,1,1.8815
33.013,1,1.8819
33.033,1,1.8823
33.053,1,1.8827
33.073,1,1.8831
33.093,1,1.8835
33.113,1,1.8839
33.133,1,1.8843
33.153,1,1.8847
33.173,1,1.8851
33.193,1,1.8855
33.213,1,1.8858
33.233,1,1.8862
33.253,1,1.8866
33.273,1,1.887
33.293,1,1.8874
33.313,1,1.8878
33.333,1,1.8882
33.353,1,1.8886
33.373,1,1.8889
33.393,1,1.8893
33.413,1,1.8897
33.433,1,1.8901
33.453,1,1.8905
33.473,1,1.8908
33.493,1,1.8912
33.513,1,1.8916
33.533,1,1.892
33.553,1,1.8923
33.573,1,1.8927
33.593,1,1.8931
33.613,1,1.8934
33.633,1,1.8938
33.653,1,1.8942
33.673,1,1.8945
33.693,1,1.8949
33.713,1,1.8953
33.733,1,1.8956
33.754,1,1.896
33.774,1,1.8963
33.794,1,1.8967
33.814,1,1.8971
33.834,1,1.8974
33.854,1,1.8978
33.874,1,1.8981
33.894,1,1.8985
33.914,1,1.8988
33.934,1,1.8992
33.954,1,1.8995
33.974,1,1.8999
33.994,1,1.9002
34.014,1,1.9006
34.034,1,1.9009
34.054,1,1.9012
34.074,1,1.9016
34.094,1,1.9019
34.114,1,1.9023
34.134,1,1.9026
34.154,1,1.9029
34.174,1,1.9033
34.194,1,1.9036
34.214,1,1.9039
34.234,1,1.9043
34.254,1,1.9046
34.274,1,1.9049
34.294,1,1.9053
34.314,1,1.9056
34.334,1,1.9059
34.354,1,1.9062
34.374,1,1.9066
34.394,1,1.9069
34.414,1,1.9072
34.434,1,1.9075
34.454,1,1.9079
34.474,1,1.9082
34.494,1,1.9085
34.514,1,1.9088
34.534,1,1.9091
34.554,1,1.9095
34.574,1,1.9098
34.594,1,1.9101
34.614,1,1.9104
34.634,1,1.9107
34.654,1,1.911
34.674,1,1.9113
34.694,1,1.9116
34.714,1,1.9119
34.734,1,1.9122
34.754,1,1.9126
34.774,1,1.9129
34.794,1,1.9132
34.814,1,1.9135
34.834,1,1.9138
34.854,1,1.9141
34.874,1,1.9144
34.894,1,1.9147
34.914,1,1.915
34.934,1,1.9153
34.954,1,1.9156
34.974,1,1.9158
34.994,1,1.9161
35.014,1,1.9164
35.034,1,1.9167
35.054,1,1.917
35.074,1,1.9173
35.094,1,1.9176
35.114,1,1.9179
35.134,1,1.9182
35.154,1,1.9185
35.174,1,1.9187
35.194,1,1.919
35.214,1,1.9193
35.234,1,1.9196
35.254,1,1.9199
35.274,1,1.9202
35.294,1,1.9204
35.314,1,1.9207
35.334,1,1.921
35.354,1,1.9213
35.374,1,1.9215
35.394,1,1.9218
35.414,1,1.9221
35.434,1,1.9224
35.454,1,1.9226
35.474,1,1.9229
35.494,1,1.9232
35.514,1,1.9234
35.534,1,1.9237
35.554,1,1.924
35.574,1,1.9242
35.594,1,1.9245
35.614,1,1.9248
35.634,1,1.925
35.654,1,1.9253
35.674,1,1.9256
35.694,1,1.9258
35.714,1,1.9261
35.734,1,1.9263
35.754,1,1.9266
35.774,1,1.9269
35.794,1,1.9271
35.814,1,1.9274
35.834,1,1.9276
35.854,1,1.9279
35.874,1,1.9281
35.894,1,1.9284
35.914,1,1.9286
35.934,1,1.9289
35.954,1,1.9291
35.974,1,1.9294
35.994,1,1.9296
36.014,1,1.9299
36.034,1,1.9301
36.054,1,1.9304
36.074,1,1.9306
36.094,1,1.9309
36.114,1,1.9311
36.134,1,1.9314
36.154,1,1.9316
36.174,1,1.9318
36.194,1,1.9321
36.214,1,1.9323
36.234,1,1.9326
36.255,1,1.9328
36.275,1,1.933
36.295,1,1.9333
36.315,1,1.9335
36.335,1,1.9337
36.355,1,1.934
36.375,1,1.9342
36.395,1,1.9344
36.415,1,1.9347
36.435,1,1.9349
36.455,1,1.9351
36.475,1,1.9354
36.495,1,1.9356
36.515,1,1.9358
36.535,1,1.9361
36.555,1,1.9363
36.575,1,1.9365
36.595,1,1.9367
36.615,1,1.937
36.635,1,1.9372
36.655,1,1.9374
36.675,1,1.9376
36.695,1,1.9378
36.715,1,1.9381
36.735,1,1.9383
36.755,1,1.9385
36.775,1,1.9387
36.795,1,1.9389
36.815,1,1.9392
36.835,1,1.9394
36.855,1,1.9396
36.875,1,1.9398
36.895,1,1.94
36.915,1,1.9402
36.935,1,1.9404
36.955,1,1.9406
36.975,1,1.9409
36.995,1,1.9411
37.015,1,1.9413
37.035,1,1.9415
37.055,1,1.9417
37.075,1,1.9419
37.095,1,1.9421
37.115,1,1.9423
37.135,1,1.9425
37.155,1,1.9427
37.175,1,1.9429
37.195,1,1.9431
37.215,1,1.9433
37.235,1,1.9435
37.255,1,1.9437
37.275,1,1.9439
37.295,1,1.9441
37.315,1,1.9443
37.335,1,1.9445
37.355,1,1.9447
37.375,1,1.9449
37.395,1,1.9451
37.415,1,1.9453
37.435,1,1.9455
37.455,1,1.9457
37.475,1,1.9459
37.495,1,1.9461
37.515,1,1.9463
37.535,1,1.9465
37.555,1,1.9467
37.575,1,1.9469
37.595,1,1.947
37.615,1,1.9472
37.635,1,1.9474
37.655,1,1.9476
37.675,1,1.9478
37.695,1,1.948
37.715,1,1.9482
37.735,1,1.9484
37.755,1,1.9485
37.775,1,1.9487
37.795,1,1.9489
37.815,1,1.9491
37.835,1,1.9493
37.855,1,1.9495
37.875,1,1.9496
37.895,1,1.9498
37.915,1,1.95
37.935,1,1.9502
37.955,1,1.9504
37.975,1,1.9505
37.995,1,1.9507
38.015,1,1.9509
38.035,1,1.9511
38.055,1,1.9512
38.075,1,1.9514
38.095,1,1.9516
38.115,1,1.9518
38.135,1,1.9519
38.155,1,1.9521
38.175,1,1.9523
38.195,1,1.9524
38.215,1,1.9526
38.235,1,1.9528
38.255,1,1.953
38.275,1,1.9531
38.295,1,1.9533
38.315,1,1.9535
38.335,1,1.9536
38.355,1,1.9538
38.375,1,1.954
38.395,1,1.9541
38.415,1,1.9543
38.435,1,1.9544
38.455,1,1.9546
38.475,1,1.9548
38.495,1,1.9549
38.515,1,1.9551
38.535,1,1.9553
38.555,1,1.9554
38.575,1,1.9556
38.595,1,1.9557
38.615,1,1.9559
38.635,1,1.9561
38.655,1,1.9562
38.675,1,1.9564
38.695,1,1.9565
38.715,1,1.9567
38.735,1,1.9568
38.756,1,1.957
38.776,1,1.9572
38.796,1,1.9573
38.816,1,1.9575
38.836,1,1.9576
38.856,1,1.9578
38.876,1,1.9579
38.896,1,1.9581
38.916,1,1.9582
38.936,1,1.9584
38.956,1,1.9585
38.976,1,1.9587
38.996,1,1.9588
39.016,1,1.959
39.036,1,1.9591
39.056,1,1.9593
39.076,1,1.9594
39.096,1,1.9596
39.116,1,1.9597
39.136,1,1.9598
39.156,1,1.96
39.176,1,1.9601
39.196,1,1.9603
39.216,1,1.9604
39.236,1,1.9606
39.256,1,1.9607
39.276,1,1.9609
39.296,1,1.961
39.316,1,1.9611
39.336,1,1.9613
39.356,1,1.9614
39.376,1,1.9616
39.396,1,1.9617
39.416,1,1.9618
39.436,1,1.962
39.456,1,1.9621
39.476,1,1.9622
39.496,1,1.9624
39.516,1,1.9625
39.536,1,1.9627
39.556,1,1.9628
39.576,1,1.9629
39.596,1,1.9631
39.616,1,1.9632
39.636,1,1.9633
39.656,1,1.9635
39.676,1,1.9636
39.696,1,1.9637
39.716,1,1.9639
39.736,1,1.964
39.756,1,1.9641
39.776,1,1.9642
39.796,1,1.9644
39.816,1,1.9645
39.836,1,1.9646
39.856,1,1.9648
39.876,1,1.9649
39.896,1,1.965
39.916,1,1.9651
39.936,1,1.9653
39.956,1,1.9654
39.976,1,1.9655
39.996,1,1.9656
40.016,1,1.9658
40.036,1,1.9659
40.056,1,1.966
40.076,1,1.9661
40.096,1,1.9663
40.116,1,1.9664
40.136,1,1.9665
40.156,1,1.9666
40.176,1,1.9667
40.196,1,1.9669
40.216,1,1.967
40.236,1,1.9671
40.256,1,1.9672
40.276,1,1.9673
40.296,1,1.9675
40.316,1,1.9676
40.336,1,1.9677
40.356,1,1.9678
40.376,1,1.9679
40.396,1,1.9681
40.416,1,1.9682
40.436,1,1.9683
40.456,1,1.9684
40.476,1,1.9685
40.496,1,1.9686
40.516,1,1.9687
40.536,1,1.9689
40.556,1,1.969
40.576,1,1.9691
40.596,1,1.9692
40.616,1,1.9693
40.636,1,1.9694
40.656,1,1.9695
40.676,1,1.9696
40.696,1,1.9698
40.716,1,1.9699
40.736,1,1.97
40.756,1,1.9701
40.776,1,1.9702
40.796,1,1.9703
40.816,1,1.9704
40.836,1,1.9705
40.856,1,1.9706
40.876,1,1.9707
40.896,1,1.9708
40.916,1,1.9709
40.936,1,1.9711
40.956,1,1.9712
40.976,1,1.9713
40.996,1,1.9714
41.016,1,1.9715
41.036,1,1.9716
41.056,1,1.9717
41.076,1,1.9718
41.096,1,1.9719
41.116,1,1.972
41.136,1,1.9721
41.156,1,1.9722
41.176,1,1.9723
41.196,1,1.9724
41.216,1,1.9725
41.236,1,1.9726
41.257,1,1.9727
41.277,1,1.9728
41.297,1,1.9729
41.317,1,1.973
41.337,1,1.9731
41.357,1,1.9732
41.377,1,1.9733
41.397,1,1.9734
41.417,1,1.9735
41.437,1,1.9736
41.457,1,1.9737
41.477,1,1.9738
41.497,1,1.9739
41.517,1,1.974
41.537,1,1.9741
41.557,1,1.9742
41.577,1,1.9743
41.597,1,1.9743
41.617,1,1.9744
41.637,1,1.9745
41.657,1,1.9746
41.677,1,1.9747
41.697,1,1.9748
41.717,1,1.9749
41.737,1,1.975
41.757,1,1.9751
41.777,1,1.9752
41.797,1,1.9753
41.817,1,1.9754
41.837,1,1.9755
41.857,1,1.9755
41.877,1,1.9756
41.897,1,1.9757
41.917,1,1.9758
41.937,1,1.9759
41.957,1,1.976
41.977,1,1.9761
41.997,1,1.9762
42.017,1,1.9763
42.037,1,1.9763
42.057,1,1.9764
42.077,1,1.9765
42.097,1,1.9766
42.117,1,1.9767
42.137,1,1.9768
42.157,1,1.9769
42.177,1,1.9769
42.197,1,1.977
42.217,1,1.9771
42.237,1,1.9772
42.257,1,1.9773
42.277,1,1.9774
42.297,1,1.9774
42.317,1,1.9775
42.337,1,1.9776
42.357,1,1.9777
42.377,1,1.9778
42.397,1,1.9779
42.417,1,1.9779
42.437,1,1.978
42.457,1,1.9781
42.477,1,1.9782
42.497,1,1.9783
42.517,1,1.9783
42.537,1,1.9784
42.557,1,1.9785
42.577,1,1.9786
42.597,1,1.9787
42.617,1,1.9787
42.637,1,1.9788
42.657,1,1.9789
42.677,1,1.979
42.697,1,1.979
42.717,1,1.9791
42.737,1,1.9792
42.757,1,1.9793
42.777,1,1.9794
42.797,1,1.9794
42.817,1,1.9795
42.837,1,1.9796
42.857,1,1.9797
42.877,1,1.9797
42.897,1,1.9798
42.917,1,1.9799
42.937,1,1.98
42.957,1,1.98
42.977,1,1.9801
42.997,1,1.9802
43.017,1,1.9803
43.037,1,1.9803
43.057,1,1.9804
43.077,1,1.9805
43.097,1,1.9805
43.117,1,1.9806
43.137,1,1.9807
43.157,1,1.9808
43.177,1,1.9808
43.197,1,1.9809
43.217,1,1.981
43.237,1,1.981
43.257,1,1.9811
43.277,1,1.9812
43.297,1,1.9812
43.317,1,1.9813
43.337,1,1.9814
43.357,1,1.9815
43.377,1,1.9815
43.397,1,1.9816
43.417,1,1.9817
43.437,1,1.9817
43.457,1,1.9818
43.477,1,1.9819
43.497,1,1.9819
43.517,1,1.982
43.537,1,1.9821
43.557,1,1.9821
43.577,1,1.9822
43.597,1,1.9823
43.617,1,1.9823
43.637,1,1.9824
43.657,1,1.9825
43.677,1,1.9825
43.697,1,1.9826
43.717,1,1.9827
43.737,1,1.9827
43.758,1,1.9828
43.778,1,1.9828
43.798,1,1.9829
43.818,1,1.983
43.838,1,1.983
43.858,1,1.9831
43.878,1,1.9832
43.898,1,1.9832
43.918,1,1.9833
43.938,1,1.9833
43.958,1,1.9834
43.978,1,1.9835
43.998,1,1.9835
44.018,1,1.9836
44.038,1,1.9837
44.058,1,1.9837
44.078,1,1.9838
44.098,1,1.9838
44.118,1,1.9839
44.138,1,1.984
44.158,1,1.984
44.178,1,1.9841
44.198,1,1.9841
44.218,1,1.9842
44.238,1,1.9842
44.258,1,1.9843
44.278,1,1.9844
44.298,1,1.9844
44.318,1,1.9845
44.338,1,1.9845
44.358,1,1.9846
44.378,1,1.9847
44.398,1,1.9847
44.418,1,1.9848
44.438,1,1.9848
44.458,1,1.9849
44.478,1,1.9849
44.498,1,1.985
44.518,1,1.985
44.538,1,1.9851
44.558,1,1.9852
44.578,1,1.9852
44.598,1,1.9853
44.618,1,1.9853
44.638,1,1.9854
44.658,1,1.9854
44.678,1,1.9855
44.698,1,1.9855
44.718,1,1.9856
44.738,1,1.9856
44.758,1,1.9857
44.778,1,1.9858
44.798,1,1.9858
44.818,1,1.9859
44.838,1,1.9859
44.858,1,1.986
44.878,1,1.986
44.898,1,1.9861
44.918,1,1.9861
44.938,1,1.9862
44.958,1,1.9862
44.978,1,1.9863
44.998,1,1.9863
45.018,1,1.9864
45.038,1,1.9864
45.058,1,1.9865
45.078,1,1.9865
45.098,1,1.9866
45.118,1,1.9866
45.138,1,1.9867
45.158,1,1.9867
45.178,1,1.9868
45.198,1,1.9868
45.218,1,1.9869
45.238,1,1.9869
45.258,1,1.987
45.278,1,1.987
45.298,1,1.9871
45.318,1,1.9871
45.338,1,1.9872
45.358,1,1.9872
45.378,1,1.9873
45.398,1,1.9873
45.418,1,1.9874
45.438,1,1.9874
45.458,1,1.9875
45.478,1,1.9875
45.498,1,1.9875
45.518,1,1.9876
45.538,1,1.9876
45.558,1,1.9877
45.578,1,1.9877
45.598,1,1.9878
45.618,1,1.9878
45.638,1,1.9879
45.658,1,1.9879
45.678,1,1.988
45.698,1,1.988
45.718,1,1.988
45.738,1,1.9881
45.758,1,1.9881
45.778,1,1.9882
45.798,1,1.9882
45.818,1,1.9883
45.838,1,1.9883
45.858,1,1.9884
45.878,1,1.9884
45.898,1,1.9884
45.918,1,1.9885
45.938,1,1.9885
45.958,1,1.9886
45.978,1,1.9886
45.998,1,1.9887
46.018,1,1.9887
46.038,1,1.9887
46.058,1,1.9888
46.078,1,1.9888
46.098,1,1.9889
46.118,1,1.9889
46.138,1,1.989
46.158,1,1.989
46.178,1,1.989
46.198,1,1.9891
46.218,1,1.9891
46.238,1,1.9892
46.259,1,1.9892
46.279,1,1.9892
46.299,1,1.9893
46.319,1,1.9893
46.339,1,1.9894
46.359,1,1.9894
46.379,1,1.9894
46.399,1,1.9895
46.419,1,1.9895
46.439,1,1.9896
46.459,1,1.9896
46.479,1,1.9896
46.499,1,1.9897
46.519,1,1.9897
46.539,1,1.9897
46.559,1,1.9898
46.579,1,1.9898
46.599,1,1.9899
46.619,1,1.9899
46.639,1,1.9899
46.659,1,1.99
46.679,1,1.99
46.699,1,1.9901
46.719,1,1.9901
46.739,1,1.9901
46.759,1,1.9902
46.779,1,1.9902
46.799,1,1.9902
46.819,1,1.9903
46.839,1,1.9903
46.859,1,1.9903
46.879,1,1.9904
46.899,1,1.9904
46.919,1,1.9905
46.939,1,1.9905
46.959,1,1.9905
46.979,1,1.9906
46.999,1,1.9906
47.019,1,1.9906
47.039,1,1.9907
47.059,1,1.9907
47.079,1,1.9907
47.099,1,1.9908
47.119,1,1.9908
47.139,1,1.9908
47.159,1,1.9909
47.179,1,1.9909
47.199,1,1.9909
47.219,1,1.991
47.239,1,1.991
47.259,1,1.991
47.279,1,1.9911
47.299,1,1.9911
47.319,1,1.9911
47.339,1,1.9912
47.359,1,1.9912
47.379,1,1.9912
47.399,1,1.9913
47.419,1,1.9913
47.439,1,1.9913
47.459,1,1.9914
47.479,1,1.9914
47.499,1,1.9914
47.519,1,1.9915
47.539,1,1.9915
47.559,1,1.9915
47.579,1,1.9916
47.599,1,1.9916
47.619,1,1.9916
47.639,1,1.9917
47.659,1,1.9917
47.679,1,1.9917
47.699,1,1.9918
47.719,1,1.9918
47.739,1,1.9918
47.759,1,1.9919
47.779,1,1.9919
47.799,1,1.9919
47.819,1,1.9919
47.839,1,1.992
47.859,1,1.992
47.879,1,1.992
47.899,1,1.9921
47.919,1,1.9921
47.939,1,1.9921
47.959,1,1.9922
47.979,1,1.9922
47.999,1,1.9922
48.019,1,1.9922
48.039,1,1.9923
48.059,1,1.9923
48.079,1,1.9923
48.099,1,1.9924
48.119,1,1.9924
48.139,1,1.9924
48.159,1,1.9924
48.179,1,1.9925
48.199,1,1.9925
48.219,1,1.9925
48.239,1,1.9926
48.259,1,1.9926
48.279,1,1.9926
48.299,1,1.9926
48.319,1,1.9927
48.339,1,1.9927
48.359,1,1.9927
48.379,1,1.9928
48.399,1,1.9928
48.419,1,1.9928
48.439,1,1.9928
48.459,1,1.9929
48.479,1,1.9929
48.499,1,1.9929
48.519,1,1.9929
48.539,1,1.993
48.559,1,1.993
48.579,1,1.993
48.599,1,1.993
48.619,1,1.9931
48.639,1,1.9931
48.659,1,1.9931
48.679,1,1.9932
48.699,1,1.9932
48.719,1,1.9932
48.739,1,1.9932
48.76,1,1.9933
48.78,1,1.9933
48.8,1,1.9933
48.82,1,1.9933
48.84,1,1.9934
48.86,1,1.9934
48.88,1,1.9934
48.9,1,1.9934
48.92,1,1.9935
48.94,1,1.9935
48.96,1,1.9935
48.98,1,1.9935
49,1,1.9936
49.02,1,1.9936
49.04,1,1.9936
49.06,1,1.9936
49.08,1,1.9937
49.1,1,1.9937
49.12,1,1.9937
49.14,1,1.9937
49.16,1,1.9937
49.18,1,1.9938
49.2,1,1.9938
49.22,1,1.9938
49.24,1,1.9938
49.26,1,1.9939
49.28,1,1.9939
49.3,1,1.9939
49.32,1,1.9939
49.34,1,1.994
49.36,1,1.994
49.38,1,1.994
49.4,1,1.994
49.42,1,1.994
49.44,1,1.9941
49.46,1,1.9941
49.48,1,1.9941
49.5,1,1.9941
49.52,1,1.9942
49.54,1,1.9942
49.56,1,1.9942
49.58,1,1.9942
49.6,1,1.9942
49.62,1,1.9943
49.64,1,1.9943
49.66,1,1.9943
49.68,1,1.9943
49.7,1,1.9944
49.72,1,1.9944
49.74,1,1.9944
49.76,1,1.9944
49.78,1,1.9944
49.8,1,1.9945
49.82,1,1.9945
49.84,1,1.9945
49.86,1,1.9945
49.88,1,1.9945
49.9,1,1.9946
49.92,1,1.9946
49.94,1,1.9946
49.96,1,1.9946
49.98,1,1.9946
50,1,1.9947
