0,0,1.9876
0.0080032,0,1.9448
0.016006,0,1.9063
0.02401,0,1.9788
0.032013,0,1.994
0.040016,0,2.0263
0.048019,0,1.9952
0.056022,0,1.9126
0.064026,0,2.0307
0.072029,0,1.9626
0.080032,0,1.9377
0.088035,0,2.0662
0.096038,0,2.0235
0.10404,0,2.0026
0.11204,0,2.0083
0.12005,0,2.0848
0.12805,0,1.9741
0.13605,0,1.9708
0.14406,0,1.9182
0.15206,0,2.0546
0.16006,0,2.0268
0.16807,0,2.0231
0.17607,0,1.9493
0.18407,0,1.9812
0.19208,0,2.0105
0.20008,0,2.0273
0.20808,0,1.9811
0.21609,0,1.9045
0.22409,0,1.9522
0.23209,0,2.0115
0.2401,0,1.9905
0.2481,0,2.078
0.2561,0,1.91
0.26411,0,1.9274
0.27211,0,2.0144
0.28011,0,1.9342
0.28812,0,2.0552
0.29612,0,2.032
0.30412,0,1.9898
0.31212,0,1.9345
0.32013,0,2.0062
0.32813,0,2.0352
0.33613,0,2.0176
0.34414,0,1.9813
0.35214,0,1.9908
0.36014,0,2.0633
0.36815,0,2.0507
0.37615,0,2.0279
0.38415,0,1.9331
0.39216,0,1.8695
0.40016,0,1.9552
0.40816,0,1.9532
0.41617,0,1.977
0.42417,0,1.969
0.43217,0,2.031
0.44018,0,1.966
0.44818,0,2.0834
0.45618,0,1.994
0.46419,0,2.0029
0.47219,0,1.9003
0.48019,0,1.9567
0.4882,0,1.8757
0.4962,0,1.9792
0.5042,0,2.0346
0.5122,0,2.0692
0.52021,0,1.9185
0.52821,0,1.8956
0.53621,0,2.0192
0.54422,0,2.007
0.55222,0,1.9509
0.56022,0,2.0307
0.56823,0,1.9936
0.57623,0,2.02
0.58423,0,1.9791
0.59224,0,1.9571
0.60024,0,2.0482
0.60824,0,2.0551
0.61625,0,2.0718
0.62425,0,1.9774
0.63225,0,1.9751
0.64026,0,2.0171
0.64826,0,1.9702
0.65626,0,2.02
0.66427,0,1.9633
0.67227,0,1.9898
0.68027,0,1.9293
0.68828,0,1.9037
0.69628,0,2.0086
0.70428,0,1.9847
0.71228,0,1.9602
0.72029,0,1.9949
0.72829,0,1.9819
0.73629,0,2.0648
0.7443,0,1.9793
0.7523,0,2.0619
0.7603,0,1.9621
0.76831,0,1.9563
0.77631,0,1.9066
0.78431,0,2.0202
0.79232,0,2.0184
0.80032,0,2.0799
0.80832,0,2.1159
0.81633,0,2.0675
0.82433,0,2.0168
0.83233,0,2.0513
0.84034,0,2.0052
0.84834,0,1.9933
0.85634,0,1.9709
0.86435,0,2.0361
0.87235,0,2.0161
0.88035,0,1.9454
0.88836,0,2.028
0.89636,0,2.0485
0.90436,0,1.9999
0.91236,0,2.0063
0.92037,0,2.0216
0.92837,0,1.9618
0.93637,0,1.9627
0.94438,0,2.0722
0.95238,0,2.0505
0.96038,0,2.0606
0.96839,0,1.9674
0.97639,0,2.0527
0.98439,0,2.0475
0.9924,0,2.0439
1.0004,0,1.988
1.0084,0,2.0058
1.0164,0,2.1054
1.0244,0,2.0247
1.0324,0,1.9236
1.0404,0,1.9915
1.0484,0,1.9019
1.0564,0,2.0366
1.0644,0,1.9587
1.0724,0,1.995
1.0804,0,2.0217
1.0884,0,2.0152
1.0964,0,1.9284
1.1044,0,1.9658
1.1124,0,1.9493
1.1204,0,1.9739
1.1285,0,2.0979
1.1365,0,2.014
1.1445,0,1.9262
1.1525,0,2.035
1.1605,0,1.9824
1.1685,0,2.0445
1.1765,0,1.9812
1.1845,0,2.0031
1.1925,0,2.0625
1.2005,0,2.0164
1.2085,0,2.0679
1.2165,0,1.9903
1.2245,0,1.9931
1.2325,0,2.0212
1.2405,0,1.9796
1.2485,0,2.018
1.2565,0,2.0285
1.2645,0,1.9812
1.2725,0,1.9504
1.2805,0,1.9782
1.2885,0,1.9854
1.2965,0,2.0324
1.3045,0,2.0013
1.3125,0,2.0477
1.3205,0,1.9623
1.3285,0,2.0226
1.3365,0,2.0413
1.3445,0,2.0283
1.3525,0,1.962
1.3605,0,2.0268
1.3685,0,1.9707
1.3766,0,2.0003
1.3846,0,1.975
1.3926,0,2.0477
1.4006,0,1.9107
1.4086,0,2.0096
1.4166,0,1.9926
1.4246,0,1.9472
1.4326,0,2.0062
1.4406,0,1.9806
1.4486,0,2.0526
1.4566,0,1.9028
1.4646,0,2.0132
1.4726,0,2.0269
1.4806,0,1.894
1.4886,0,2.0415
1.4966,0,2.064
1.5046,0,2.038
1.5126,0,2.0841
1.5206,0,2.032
1.5286,0,1.9
1.5366,0,1.947
1.5446,0,2.068
1.5526,0,1.9864
1.5606,0,1.9453
1.5686,0,1.894
1.5766,0,1.9397
1.5846,0,1.9648
1.5926,0,2.0291
1.6006,0,2.031
1.6086,0,2.083
1.6166,0,2.0506
1.6246,0,1.9618
1.6327,0,2.0048
1.6407,0,2.0191
1.6487,0,2.0271
1.6567,0,1.9391
1.6647,0,1.9628
1.6727,0,1.9819
1.6807,0,1.9946
1.6887,0,2.0886
1.6967,0,2.0195
1.7047,0,1.95
1.7127,0,2.0055
1.7207,0,2.0011
1.7287,0,1.9928
1.7367,0,2.0713
1.7447,0,2.0987
1.7527,0,2.007
1.7607,0,2.0144
1.7687,0,1.9391
1.7767,0,2.0514
1.7847,0,1.9576
1.7927,0,2.0125
1.8007,0,2.0139
1.8087,0,1.9924
1.8167,0,2.0243
1.8247,0,2.0035
1.8327,0,2.1087
1.8407,0,2.0755
1.8487,0,2.1088
1.8567,0,2.0492
1.8647,0,2.0056
1.8727,0,2.0098
1.8808,0,2.0101
1.8888,0,2.0459
1.8968,0,1.9845
1.9048,0,2.0161
1.9128,0,1.96
1.9208,0,2.051
1.9288,0,1.9753
1.9368,0,1.9336
1.9448,0,1.986
1.9528,0,1.9736
1.9608,0,1.9569
1.9688,0,1.9709
1.9768,0,2.0318
1.9848,0,1.9964
1.9928,0,1.9211
2.0008,1,2.0724
2.0088,1,2.011
2.0168,1,2.0382
2.0248,1,1.9432
2.0328,1,1.9921
2.0408,1,2.0576
2.0488,1,1.9438
2.0568,1,2.0214
2.0648,1,2.0814
2.0728,1,1.9645
2.0808,1,1.8966
2.0888,1,1.899
2.0968,1,1.9956
2.1048,1,2.07
2.1128,1,1.9833
2.1208,1,1.9892
2.1289,1,1.9148
2.1369,1,2.0166
2.1449,1,2.0071
2.1529,1,2.0341
2.1609,1,1.9646
2.1689,1,2.0737
2.1769,1,1.9924
2.1849,1,1.916
2.1929,1,1.9897
2.2009,1,2.0699
2.2089,1,2.0243
2.2169,1,1.9091
2.2249,1,2.0891
2.2329,1,2.0287
2.2409,1,2.0045
2.2489,1,1.9991
2.2569,1,1.9904
2.2649,1,1.9883
2.2729,1,1.9501
2.2809,1,2.0591
2.2889,1,1.9964
2.2969,1,2.0516
2.3049,1,2.033
2.3129,1,2.008
2.3209,1,2.0245
2.3289,1,1.9581
2.3369,1,2.0298
2.3449,1,2.0874
2.3529,1,2.0666
2.3609,1,2.0227
2.3689,1,2.0313
2.377,1,2.007
2.385,1,1.9598
2.393,1,1.9752
2.401,1,1.9678
2.409,1,1.9906
2.417,1,2.0662
2.425,1,2.0713
2.433,1,2.0895
2.441,1,2.0534
2.449,1,2.0865
2.457,1,1.9327
2.465,1,2.0358
2.473,1,1.9049
2.481,1,2.101
2.489,1,2.012
2.497,1,2.1017
2.505,1,2.0996
2.513,1,2.0389
2.521,1,2.0246
2.529,1,2.0589
2.537,1,2.0711
2.545,1,2.0962
2.553,1,2.0844
2.561,1,2.129
2.569,1,2.062
2.577,1,2.1204
2.585,1,2.1196
2.593,1,2.1402
2.601,1,2.1279
2.609,1,2.1475
2.617,1,2.1962
2.6251,1,2.2184
2.6331,1,2.2511
2.6411,1,2.2242
2.6491,1,2.2826
2.6571,1,2.2881
2.6651,1,2.2645
2.6731,1,2.2811
2.6811,1,2.3599
2.6891,1,2.2309
2.6971,1,2.4263
2.7051,1,2.423
2.7131,1,2.3541
2.7211,1,2.5398
2.7291,1,2.4596
2.7371,1,2.5448
2.7451,1,2.6618
2.7531,1,2.508
2.7611,1,2.5794
2.7691,1,2.4508
2.7771,1,2.578
2.7851,1,2.6333
2.7931,1,2.7414
2.8011,1,2.6989
2.8091,1,2.7669
2.8171,1,2.7794
2.8251,1,2.8612
2.8331,1,2.9941
2.8411,1,2.8901
2.8491,1,2.8854
2.8571,1,2.9397
2.8651,1,2.9763
2.8731,1,3.0086
2.8812,1,3.1828
2.8892,1,3.1145
2.8972,1,3.1561
2.9052,1,3.1454
2.9132,1,3.198
2.9212,1,3.3007
2.9292,1,3.3042
2.9372,1,3.3776
2.9452,1,3.3779
2.9532,1,3.3819
2.9612,1,3.5226
2.9692,1,3.4884
2.9772,1,3.65
2.9852,1,3.6058
2.9932,1,3.5115
3.0012,1,3.5605
3.0092,1,3.601
3.0172,1,3.661
3.0252,1,3.7104
3.0332,1,3.7757
3.0412,1,3.8411
3.0492,1,3.8033
3.0572,1,3.8225
3.0652,1,3.8018
3.0732,1,3.872
3.0812,1,3.8997
3.0892,1,3.926
3.0972,1,3.9936
3.1052,1,3.8813
3.1132,1,3.9805
3.1212,1,3.8954
3.1293,1,4.0385
3.1373,1,4.1162
3.1453,1,4.0391
3.1533,1,3.9313
3.1613,1,4.0052
3.1693,1,3.9781
3.1773,1,3.9291
3.1853,1,3.9465
3.1933,1,3.8887
3.2013,1,3.9463
3.2093,1,4.0231
3.2173,1,3.9747
3.2253,1,3.8172
3.2333,1,3.9821
3.2413,1,3.9498
3.2493,1,3.8228
3.2573,1,3.8245
3.2653,1,3.8527
3.2733,1,3.7394
3.2813,1,3.7234
3.2893,1,3.6935
3.2973,1,3.737
3.3053,1,3.6787
3.3133,1,3.6062
3.3213,1,3.5399
3.3293,1,3.5402
3.3373,1,3.4674
3.3453,1,3.5396
3.3533,1,3.3257
3.3613,1,3.345
3.3693,1,3.2596
3.3774,1,3.3424
3.3854,1,3.2609
3.3934,1,3.131
3.4014,1,3.0986
3.4094,1,3.0882
3.4174,1,3.0223
3.4254,1,2.8175
3.4334,1,2.798
3.4414,1,2.8152
3.4494,1,2.8424
3.4574,1,2.748
3.4654,1,2.6166
3.4734,1,2.6404
3.4814,1,2.5189
3.4894,1,2.4373
3.4974,1,2.4441
3.5054,1,2.3617
3.5134,1,2.319
3.5214,1,2.224
3.5294,1,2.2195
3.5374,1,2.1296
3.5454,1,2.06
3.5534,1,2.1114
3.5614,1,2.0138
3.5694,1,1.9032
3.5774,1,1.9876
3.5854,1,1.8366
3.5934,1,1.8378
3.6014,1,1.7362
3.6094,1,1.8514
3.6174,1,1.8146
3.6255,1,1.6811
3.6335,1,1.6137
3.6415,1,1.6689
3.6495,1,1.6097
3.6575,1,1.5629
3.6655,1,1.6248
3.6735,1,1.5848
3.6815,1,1.5155
3.6895,1,1.5225
3.6975,1,1.4793
3.7055,1,1.4903
3.7135,1,1.5048
3.7215,1,1.5187
3.7295,1,1.4165
3.7375,1,1.4681
3.7455,1,1.5009
3.7535,1,1.4096
3.7615,1,1.48
3.7695,1,1.4663
3.7775,1,1.5005
3.7855,1,1.5473
3.7935,1,1.5196
3.8015,1,1.6208
3.8095,1,1.6149
3.8175,1,1.714
3.8255,1,1.6649
3.8335,1,1.6894
3.8415,1,1.7513
3.8495,1,1.8073
3.8575,1,1.8769
3.8655,1,1.8097
3.8735,1,1.937
3.8816,1,1.8899
3.8896,1,2.0411
3.8976,1,1.9991
3.9056,1,2.109
3.9136,1,2.2406
3.9216,1,2.2268
3.9296,1,2.2418
3.9376,1,2.3046
3.9456,1,2.3952
3.9536,1,2.4776
3.9616,1,2.4743
3.9696,1,2.594
3.9776,1,2.5981
3.9856,1,2.6965
3.9936,1,2.7701
4.0016,1,2.8031
4.0096,1,2.8769
4.0176,1,2.9824
4.0256,1,2.9861
4.0336,1,2.9573
4.0416,1,3.1522
4.0496,1,3.1255
4.0576,1,3.2586
4.0656,1,3.2683
4.0736,1,3.4042
4.0816,1,3.3313
4.0896,1,3.4251
4.0976,1,3.5284
4.1056,1,3.5927
4.1136,1,3.6039
4.1216,1,3.6282
4.1297,1,3.6391
4.1377,1,3.7463
4.1457,1,3.7147
4.1537,1,3.93
4.1617,1,3.8384
4.1697,1,3.9108
4.1777,1,3.9424
4.1857,1,3.9821
4.1937,1,3.9414
4.2017,1,4.0733
4.2097,1,4.0186
4.2177,1,4.0335
4.2257,1,4.0496
4.2337,1,4.1046
4.2417,1,4.1157
4.2497,1,4.0531
4.2577,1,3.963
4.2657,1,4.0178
4.2737,1,3.9718
4.2817,1,3.9813
4.2897,1,4.064
4.2977,1,3.987
4.3057,1,4.0845
4.3137,1,4.0308
4.3217,1,3.9463
4.3297,1,3.9546
4.3377,1,3.9782
4.3457,1,3.9164
4.3537,1,3.8381
4.3617,1,3.9236
4.3697,1,3.8177
4.3778,1,3.8577
4.3858,1,3.7898
4.3938,1,3.6985
4.4018,1,3.6321
4.4098,1,3.5534
4.4178,1,3.6256
4.4258,1,3.5752
4.4338,1,3.4588
4.4418,1,3.3783
4.4498,1,3.361
4.4578,1,3.2644
4.4658,1,3.2279
4.4738,1,3.1774
4.4818,1,3.143
4.4898,1,3.0778
4.4978,1,3.078
4.5058,1,2.9246
4.5138,1,2.9699
4.5218,1,2.9103
4.5298,1,2.8257
4.5378,1,2.7557
4.5458,1,2.6209
4.5538,1,2.6668
4.5618,1,2.5765
4.5698,1,2.4982
4.5778,1,2.4977
4.5858,1,2.4479
4.5938,1,2.4667
4.6018,1,2.3222
4.6098,1,2.184
4.6178,1,2.1382
4.6259,1,2.1079
4.6339,1,2.063
4.6419,1,2.0571
4.6499,1,2.0917
4.6579,1,1.9756
4.6659,1,1.9328
4.6739,1,1.8544
4.6819,1,1.9249
4.6899,1,1.8791
4.6979,1,1.8288
4.7059,1,1.8205
4.7139,1,1.7743
4.7219,1,1.8083
4.7299,1,1.8667
4.7379,1,1.7668
4.7459,1,1.7899
4.7539,1,1.7477
4.7619,1,1.7197
4.7699,1,1.8213
4.7779,1,1.623
4.7859,1,1.6826
4.7939,1,1.7786
4.8019,1,1.703
4.8099,1,1.7502
4.8179,1,1.712
4.8259,1,1.8188
4.8339,1,1.8062
4.8419,1,1.7524
4.8499,1,1.7852
4.8579,1,1.7901
4.8659,1,1.879
4.8739,1,1.7533
4.882,1,1.9444
4.89,1,1.8473
4.898,1,1.8573
4.906,1,1.9829
4.914,1,2.0976
4.922,1,2.1534
4.93,1,2.1773
4.938,1,2.078
4.946,1,2.2371
4.954,1,2.2064
4.962,1,2.1516
4.97,1,2.3791
4.978,1,2.3128
4.986,1,2.3518
4.994,1,2.376
5.002,1,2.4932
5.01,1,2.6234
5.018,1,2.5336
5.026,1,2.7473
5.034,1,2.676
5.042,1,2.7413
5.05,1,2.8253
5.058,1,2.9286
5.066,1,2.8537
5.074,1,3.0358
5.082,1,3.0166
5.09,1,2.9663
5.098,1,3.0062
5.106,1,3.0876
5.114,1,3.1384
5.122,1,3.3063
5.1301,1,3.1753
5.1381,1,3.4398
5.1461,1,3.1898
5.1541,1,3.3506
5.1621,1,3.3802
5.1701,1,3.446
5.1781,1,3.4856
5.1861,1,3.4493
5.1941,1,3.5426
5.2021,1,3.4619
5.2101,1,3.5292
5.2181,1,3.6699
5.2261,1,3.6609
5.2341,1,3.5803
5.2421,1,3.7244
5.2501,1,3.6528
5.2581,1,3.6757
5.2661,1,3.7068
5.2741,1,3.699
5.2821,1,3.8113
5.2901,1,3.7019
5.2981,1,3.7062
5.3061,1,3.6835
5.3141,1,3.6228
5.3221,1,3.7083
5.3301,1,3.709
5.3381,1,3.6989
5.3461,1,3.6908
5.3541,1,3.6962
5.3621,1,3.5917
5.3701,1,3.6408
5.3782,1,3.6237
5.3862,1,3.5502
5.3942,1,3.5481
5.4022,1,3.4843
5.4102,1,3.5184
5.4182,1,3.4544
5.4262,1,3.5383
5.4342,1,3.4354
5.4422,1,3.3653
5.4502,1,3.3115
5.4582,1,3.1807
5.4662,1,3.2903
5.4742,1,3.2042
5.4822,1,3.2184
5.4902,1,3.0943
5.4982,1,3.1707
5.5062,1,3.0598
5.5142,1,3.0745
5.5222,1,2.9767
5.5302,1,2.972
5.5382,1,2.9964
5.5462,1,2.8996
5.5542,1,2.8727
5.5622,1,2.8796
5.5702,1,2.7556
5.5782,1,2.7619
5.5862,1,2.7537
5.5942,1,2.7194
5.6022,1,2.6567
5.6102,1,2.7223
5.6182,1,2.4887
5.6263,1,2.4752
5.6343,1,2.4978
5.6423,1,2.4273
5.6503,1,2.4425
5.6583,1,2.3183
5.6663,1,2.3613
5.6743,1,2.3716
5.6823,1,2.2513
5.6903,1,2.259
5.6983,1,2.1508
5.7063,1,2.1874
5.7143,1,2.2231
5.7223,1,2.2529
5.7303,1,2.2329
5.7383,1,2.1667
5.7463,1,2.109
5.7543,1,2.0545
5.7623,1,2.1545
5.7703,1,2.1243
5.7783,1,2.0695
5.7863,1,2.0793
5.7943,1,2.0909
5.8023,1,2.0465
5.8103,1,2.0499
5.8183,1,2.0707
5.8263,1,2.0592
5.8343,1,2.1613
5.8423,1,2.1096
5.8503,1,2.1345
5.8583,1,2.2227
5.8663,1,2.1073
5.8743,1,2.1235
5.8824,1,2.0864
5.8904,1,2.1911
5.8984,1,2.1601
5.9064,1,2.165
5.9144,1,2.2547
5.9224,1,2.1738
5.9304,1,2.1357
5.9384,1,2.3716
5.9464,1,2.3786
5.9544,1,2.3706
5.9624,1,2.271
5.9704,1,2.3696
5.9784,1,2.5319
5.9864,1,2.4869
5.9944,1,2.4389
6.0024,1,2.4766
6.0104,1,2.5165
6.0184,1,2.5499
6.0264,1,2.5467
6.0344,1,2.7269
6.0424,1,2.707
6.0504,1,2.7088
6.0584,1,2.7975
6.0664,1,2.705
6.0744,1,2.7859
6.0824,1,2.8196
6.0904,1,2.7867
6.0984,1,2.9092
6.1064,1,2.8956
6.1144,1,2.9986
6.1224,1,2.9987
6.1305,1,2.9634
6.1385,1,3.0913
6.1465,1,3.1045
6.1545,1,3.1177
6.1625,1,3.1416
6.1705,1,3.1028
6.1785,1,3.0717
6.1865,1,3.2008
6.1945,1,3.2327
6.2025,1,3.2592
6.2105,1,3.1752
6.2185,1,3.2161
6.2265,1,3.3021
6.2345,1,3.3138
6.2425,1,3.3338
6.2505,1,3.2601
6.2585,1,3.3567
6.2665,1,3.3448
6.2745,1,3.3699
6.2825,1,3.2178
6.2905,1,3.3016
6.2985,1,3.4285
6.3065,1,3.4104
6.3145,1,3.2722
6.3225,1,3.3199
6.3305,1,3.2379
6.3385,1,3.3633
6.3465,1,3.344
6.3545,1,3.3103
6.3625,1,3.2946
6.3705,1,3.2884
6.3786,1,3.2344
6.3866,1,3.2418
6.3946,1,3.326
6.4026,1,3.3007
6.4106,1,3.3321
6.4186,1,3.2882
6.4266,1,3.2401
6.4346,1,3.2144
6.4426,1,3.1451
6.4506,1,3.1636
6.4586,1,3.1677
6.4666,1,3.1388
6.4746,1,3.0454
6.4826,1,3.0731
6.4906,1,3.039
6.4986,1,3.0885
6.5066,1,3.0453
6.5146,1,2.9986
6.5226,1,2.9504
6.5306,1,2.9283
6.5386,1,2.8419
6.5466,1,2.9994
6.5546,1,2.8581
6.5626,1,2.7585
6.5706,1,2.8392
6.5786,1,2.8625
6.5866,1,2.766
6.5946,1,2.7724
6.6026,1,2.7673
6.6106,1,2.7432
6.6186,1,2.7726
6.6267,1,2.6184
6.6347,1,2.7335
6.6427,1,2.7224
6.6507,1,2.6557
6.6587,1,2.562
6.6667,1,2.5273
6.6747,1,2.5446
6.6827,1,2.5288
6.6907,1,2.5471
6.6987,1,2.5624
6.7067,1,2.5476
6.7147,1,2.5351
6.7227,1,2.4677
6.7307,1,2.4493
6.7387,1,2.452
6.7467,1,2.4553
6.7547,1,2.3721
6.7627,1,2.4466
6.7707,1,2.4018
6.7787,1,2.3082
6.7867,1,2.3601
6.7947,1,2.3892
6.8027,1,2.4031
6.8107,1,2.4089
6.8187,1,2.3936
6.8267,1,2.413
6.8347,1,2.386
6.8427,1,2.3551
6.8507,1,2.4307
6.8587,1,2.3833
6.8667,1,2.3808
6.8747,1,2.3318
6.8828,1,2.436
6.8908,1,2.3645
6.8988,1,2.4537
6.9068,1,2.355
6.9148,1,2.4404
6.9228,1,2.4192
6.9308,1,2.4459
6.9388,1,2.3924
6.9468,1,2.447
6.9548,1,2.5362
6.9628,1,2.6176
6.9708,1,2.5516
6.9788,1,2.4394
6.9868,1,2.5243
6.9948,1,2.5847
7.0028,1,2.5459
7.0108,1,2.7004
7.0188,1,2.6117
7.0268,1,2.6966
7.0348,1,2.6645
7.0428,1,2.6719
7.0508,1,2.7782
7.0588,1,2.6447
7.0668,1,2.6984
7.0748,1,2.6632
7.0828,1,2.774
7.0908,1,2.8001
7.0988,1,2.8235
7.1068,1,2.8681
7.1148,1,2.7684
7.1228,1,2.922
7.1309,1,2.7756
7.1389,1,2.9121
7.1469,1,2.805
7.1549,1,2.9585
7.1629,1,2.9462
7.1709,1,3.0095
7.1789,1,2.9981
7.1869,1,3.043
7.1949,1,2.9627
7.2029,1,2.9262
7.2109,1,2.918
7.2189,1,3.1316
7.2269,1,3.0981
7.2349,1,3.0902
7.2429,1,3.0882
7.2509,1,3.0221
7.2589,1,3.0863
7.2669,1,3.0738
7.2749,1,3.1168
7.2829,1,3.0718
7.2909,1,3.229
7.2989,1,3.0476
7.3069,1,3.1528
7.3149,1,3.1494
7.3229,1,3.1046
7.3309,1,3.273
7.3389,1,3.0987
7.3469,1,3.1138
7.3549,1,3.2284
7.3629,1,3.2021
7.3709,1,3.0403
7.379,1,3.1672
7.387,1,3.1286
7.395,1,3.1297
7.403,1,3.0691
7.411,1,3.025
7.419,1,3.0157
7.427,1,3.0179
7.435,1,3.0383
7.443,1,3.001
7.451,1,3.1012
7.459,1,3.0534
7.467,1,3.0421
7.475,1,2.9592
7.483,1,3.0455
7.491,1,2.8719
7.499,1,2.9534
7.507,1,3.003
7.515,1,3.0608
7.523,1,2.9271
7.531,1,2.9781
7.539,1,3.0337
7.547,1,2.8766
7.555,1,2.8591
7.563,1,2.9962
7.571,1,2.8726
7.579,1,2.9099
7.587,1,2.8544
7.595,1,2.8626
7.603,1,2.8443
7.611,1,2.8196
7.619,1,2.6447
7.6271,1,2.7443
7.6351,1,2.735
7.6431,1,2.7007
7.6511,1,2.6931
7.6591,1,2.6942
7.6671,1,2.6473
7.6751,1,2.698
7.6831,1,2.6448
7.6911,1,2.6353
7.6991,1,2.5812
7.7071,1,2.6966
7.7151,1,2.5506
7.7231,1,2.6736
7.7311,1,2.6249
7.7391,1,2.6485
7.7471,1,2.5765
7.7551,1,2.6288
7.7631,1,2.6423
7.7711,1,2.6006
7.7791,1,2.592
7.7871,1,2.5805
7.7951,1,2.568
7.8031,1,2.5791
7.8111,1,2.5499
7.8191,1,2.4787
7.8271,1,2.6168
7.8351,1,2.5301
7.8431,1,2.5564
7.8511,1,2.553
7.8591,1,2.5935
7.8671,1,2.6379
7.8752,1,2.4551
7.8832,1,2.581
7.8912,1,2.549
7.8992,1,2.504
7.9072,1,2.5584
7.9152,1,2.5726
7.9232,1,2.697
7.9312,1,2.5175
7.9392,1,2.6931
7.9472,1,2.6041
7.9552,1,2.6509
7.9632,1,2.5948
7.9712,1,2.5711
7.9792,1,2.6644
7.9872,1,2.6789
7.9952,1,2.6941
8.0032,1,2.6449
8.0112,1,2.7154
8.0192,1,2.6651
8.0272,1,2.7504
8.0352,1,2.7014
8.0432,1,2.6915
8.0512,1,2.6294
8.0592,1,2.8388
8.0672,1,2.7702
8.0752,1,2.7237
8.0832,1,2.7649
8.0912,1,2.7491
8.0992,1,2.7439
8.1072,1,2.7444
8.1152,1,2.7178
8.1232,1,2.8744
8.1313,1,2.8591
8.1393,1,2.8158
8.1473,1,2.8161
8.1553,1,2.8951
8.1633,1,2.7617
8.1713,1,2.7204
8.1793,1,2.8291
8.1873,1,2.8325
8.1953,1,2.9592
8.2033,1,2.8543
8.2113,1,2.819
8.2193,1,2.8356
8.2273,1,2.8944
8.2353,1,2.9606
8.2433,1,2.8033
8.2513,1,2.9117
8.2593,1,2.905
8.2673,1,3.0068
8.2753,1,3.0567
8.2833,1,2.9846
8.2913,1,2.9982
8.2993,1,2.9328
8.3073,1,2.9163
8.3153,1,2.9659
8.3233,1,3.01
8.3313,1,3.0846
8.3393,1,2.9886
8.3473,1,2.9269
8.3553,1,2.9275
8.3633,1,2.9199
8.3713,1,3.0077
8.3794,1,2.9937
8.3874,1,2.9806
8.3954,1,2.9954
8.4034,1,2.9645
8.4114,1,2.9397
8.4194,1,2.9855
8.4274,1,2.9896
8.4354,1,2.9051
8.4434,1,2.8361
8.4514,1,2.9152
8.4594,1,2.8854
8.4674,1,2.8932
8.4754,1,2.9817
8.4834,1,2.8894
8.4914,1,2.9159
8.4994,1,3.059
8.5074,1,2.9102
8.5154,1,2.8527
8.5234,1,2.9067
8.5314,1,2.8168
8.5394,1,2.8438
8.5474,1,2.8474
8.5554,1,2.868
8.5634,1,2.9203
8.5714,1,2.8604
8.5794,1,2.8353
8.5874,1,2.8489
8.5954,1,2.7698
8.6034,1,2.8428
8.6114,1,2.7833
8.6194,1,2.8318
8.6275,1,2.782
8.6355,1,2.747
8.6435,1,2.6989
8.6515,1,2.7859
8.6595,1,2.794
8.6675,1,2.7349
8.6755,1,2.6889
8.6835,1,2.6922
8.6915,1,2.7957
8.6995,1,2.701
8.7075,1,2.7461
8.7155,1,2.7254
8.7235,1,2.7705
8.7315,1,2.6878
8.7395,1,2.7113
8.7475,1,2.7923
8.7555,1,2.738
8.7635,1,2.8064
8.7715,1,2.7047
8.7795,1,2.724
8.7875,1,2.7416
8.7955,1,2.7321
8.8035,1,2.6338
8.8115,1,2.5754
8.8195,1,2.7053
8.8275,1,2.6319
8.8355,1,2.7797
8.8435,1,2.6993
8.8515,1,2.7066
8.8595,1,2.7074
8.8675,1,2.7287
8.8756,1,2.6562
8.8836,1,2.6685
8.8916,1,2.6838
8.8996,1,2.7268
8.9076,1,2.6999
8.9156,1,2.651
8.9236,1,2.7269
8.9316,1,2.6954
8.9396,1,2.6339
8.9476,1,2.6885
8.9556,1,2.6334
8.9636,1,2.6562
8.9716,1,2.7267
8.9796,1,2.6054
8.9876,1,2.6333
8.9956,1,2.7791
9.0036,1,2.7345
9.0116,1,2.7502
9.0196,1,2.775
9.0276,1,2.7902
9.0356,1,2.7475
9.0436,1,2.78
9.0516,1,2.7051
9.0596,1,2.7332
9.0676,1,2.737
9.0756,1,2.7247
9.0836,1,2.7381
9.0916,1,2.7923
9.0996,1,2.7638
9.1076,1,2.7886
9.1156,1,2.7667
9.1236,1,2.7951
9.1317,1,2.8453
9.1397,1,2.7168
9.1477,1,2.8764
9.1557,1,2.8421
9.1637,1,2.8899
9.1717,1,2.8768
9.1797,1,2.7664
9.1877,1,2.8272
9.1957,1,2.8149
9.2037,1,2.7711
9.2117,1,2.9273
9.2197,1,2.8343
9.2277,1,2.8439
9.2357,1,2.9061
9.2437,1,2.8568
9.2517,1,2.8608
9.2597,1,2.8935
9.2677,1,2.9067
9.2757,1,2.9173
9.2837,1,2.9088
9.2917,1,2.9236
9.2997,1,2.8641
9.3077,1,2.7982
9.3157,1,2.9865
9.3237,1,2.8598
9.3317,1,2.9697
9.3397,1,2.9692
9.3477,1,2.938
9.3557,1,2.9275
9.3637,1,2.9038
9.3717,1,2.8849
9.3798,1,2.8722
9.3878,1,2.8617
9.3958,1,2.8637
9.4038,1,2.9772
9.4118,1,2.7884
9.4198,1,2.8798
9.4278,1,2.8687
9.4358,1,2.9328
9.4438,1,2.8984
9.4518,1,2.8351
9.4598,1,2.9457
9.4678,1,2.9581
9.4758,1,2.8905
9.4838,1,2.8794
9.4918,1,2.8896
9.4998,1,2.845
9.5078,1,2.9341
9.5158,1,2.7684
9.5238,1,2.9318
9.5318,1,2.8155
9.5398,1,2.8097
9.5478,1,2.8552
9.5558,1,2.8605
9.5638,1,2.867
9.5718,1,2.866
9.5798,1,2.7647
9.5878,1,2.8629
9.5958,1,2.858
9.6038,1,2.8551
9.6118,1,2.8247
9.6198,1,2.8267
9.6279,1,2.7655
9.6359,1,2.8032
9.6439,1,2.8398
9.6519,1,2.7212
9.6599,1,2.7724
9.6679,1,2.7219
9.6759,1,2.8514
9.6839,1,2.8037
9.6919,1,2.8421
9.6999,1,2.7552
9.7079,1,2.7983
9.7159,1,2.7973
9.7239,1,2.8154
9.7319,1,2.7733
9.7399,1,2.7844
9.7479,1,2.6734
9.7559,1,2.8139
9.7639,1,2.7253
9.7719,1,2.7136
9.7799,1,2.6623
9.7879,1,2.7484
9.7959,1,2.7455
9.8039,1,2.7574
9.8119,1,2.7704
9.8199,1,2.7219
9.8279,1,2.7894
9.8359,1,2.712
9.8439,1,2.6733
9.8519,1,2.7125
9.8599,1,2.6979
9.8679,1,2.7402
9.876,1,2.7535
9.884,1,2.6756
9.892,1,2.7469
9.9,1,2.7069
9.908,1,2.7783
9.916,1,2.6971
9.924,1,2.7301
9.932,1,2.71
9.94,1,2.7236
9.948,1,2.764
9.956,1,2.7023
9.964,1,2.6715
9.972,1,2.6932
9.98,1,2.6767
9.988,1,2.7697
9.996,1,2.7582
10.004,1,2.7869
10.012,1,2.7132
10.02,1,2.7719
10.028,1,2.7281
10.036,1,2.79
10.044,1,2.7905
10.052,1,2.7745
10.06,1,2.8635
10.068,1,2.717
10.076,1,2.7622
10.084,1,2.7761
10.092,1,2.788
10.1,1,2.8187
10.108,1,2.8561
10.116,1,2.754
10.124,1,2.7984
10.132,1,2.6924
10.14,1,2.7135
10.148,1,2.8056
10.156,1,2.8006
10.164,1,2.7731
10.172,1,2.7287
10.18,1,2.791
10.188,1,2.8675
10.196,1,2.8332
10.204,1,2.776
10.212,1,2.8182
10.22,1,2.8767
10.228,1,2.8593
10.236,1,2.713
10.244,1,2.8411
10.252,1,2.871
10.26,1,2.8253
10.268,1,2.7779
10.276,1,2.8447
10.284,1,2.8606
10.292,1,2.8165
10.3,1,2.8257
10.308,1,2.8422
10.316,1,2.8661
10.324,1,2.8628
10.332,1,2.8778
10.34,1,2.8319
10.348,1,2.804
10.356,1,2.8884
10.364,1,2.8817
10.372,1,2.8036
10.38,1,2.8733
10.388,1,2.8808
10.396,1,2.8162
10.404,1,2.9183
10.412,1,2.856
10.42,1,2.7782
10.428,1,2.8631
10.436,1,2.9041
10.444,1,2.8098
10.452,1,2.8327
10.46,1,2.9126
10.468,1,2.8825
10.476,1,2.8297
10.484,1,2.82
10.492,1,2.8613
10.5,1,2.8622
10.508,1,2.8523
10.516,1,2.7994
10.524,1,2.8373
10.532,1,2.857
10.54,1,2.9031
10.548,1,2.8958
10.556,1,2.819
10.564,1,2.8105
10.572,1,2.8064
10.58,1,2.9164
10.588,1,2.873
10.596,1,2.907
10.604,1,2.8213
10.612,1,2.8503
10.62,1,2.7257
10.628,1,2.7439
10.636,1,2.8127
10.644,1,2.7574
10.652,1,2.7232
10.66,1,2.7889
10.668,1,2.8491
10.676,1,2.7685
10.684,1,2.7811
10.692,1,2.9054
10.7,1,2.876
10.708,1,2.7494
10.716,1,2.7869
10.724,1,2.6726
10.732,1,2.8081
10.74,1,2.7859
10.748,1,2.7986
10.756,1,2.8453
10.764,1,2.8053
10.772,1,2.7048
10.78,1,2.6931
10.788,1,2.782
10.796,1,2.7402
10.804,1,2.7235
10.812,1,2.6573
10.82,1,2.732
10.828,1,2.8106
10.836,1,2.7346
10.844,1,2.7664
10.852,1,2.7343
10.86,1,2.777
10.868,1,2.7586
10.876,1,2.8265
10.884,1,2.7109
10.892,1,2.7831
10.9,1,2.7725
10.908,1,2.6775
10.916,1,2.7809
10.924,1,2.7128
10.932,1,2.6986
10.94,1,2.7622
10.948,1,2.8255
10.956,1,2.7923
10.964,1,2.8433
10.972,1,2.7479
10.98,1,2.7698
10.988,1,2.7959
10.996,1,2.8154
11.004,1,2.7383
11.012,1,2.7526
11.02,1,2.7693
11.028,1,2.7723
11.036,1,2.7923
11.044,1,2.7981
11.052,1,2.7607
11.06,1,2.7913
11.068,1,2.8257
11.076,1,2.7235
11.084,1,2.7588
11.092,1,2.6677
11.1,1,2.8515
11.108,1,2.8394
11.116,1,2.766
11.124,1,2.7677
11.132,1,2.9019
11.14,1,2.8052
11.148,1,2.7171
11.156,1,2.8598
11.164,1,2.8209
11.172,1,2.8626
11.18,1,2.8681
11.188,1,2.6863
11.196,1,2.7927
11.204,1,2.9263
11.212,1,2.8094
11.22,1,2.7815
11.228,1,2.8144
11.236,1,2.8772
11.244,1,2.8088
11.253,1,2.8926
11.261,1,2.7751
11.269,1,2.7509
11.277,1,2.7803
11.285,1,2.79
11.293,1,2.8295
11.301,1,2.9164
11.309,1,2.7544
11.317,1,2.7295
11.325,1,2.7817
11.333,1,2.7398
11.341,1,2.8316
11.349,1,2.819
11.357,1,2.7786
11.365,1,2.8527
11.373,1,2.7532
11.381,1,2.8122
11.389,1,2.8382
11.397,1,2.8143
11.405,1,2.8292
11.413,1,2.8032
11.421,1,2.7955
11.429,1,2.811
11.437,1,2.8253
11.445,1,2.7961
11.453,1,2.8277
11.461,1,2.8665
11.469,1,2.7141
11.477,1,2.7983
11.485,1,2.8263
11.493,1,2.8178
11.501,1,2.9138
11.509,1,2.8649
11.517,1,2.8475
11.525,1,2.8552
11.533,1,2.7661
11.541,1,2.8498
11.549,1,2.8005
11.557,1,2.717
11.565,1,2.7065
11.573,1,2.8505
11.581,1,2.7797
11.589,1,2.81
11.597,1,2.7934
11.605,1,2.7572
11.613,1,2.7813
11.621,1,2.8279
11.629,1,2.6939
11.637,1,2.8202
11.645,1,2.7584
11.653,1,2.8483
11.661,1,2.7991
11.669,1,2.7931
11.677,1,2.751
11.685,1,2.7424
11.693,1,2.8541
11.701,1,2.7441
11.709,1,2.8471
11.717,1,2.8472
11.725,1,2.7983
11.733,1,2.8181
11.741,1,2.7722
11.749,1,2.7649
11.757,1,2.8549
11.765,1,2.6575
11.773,1,2.7682
11.781,1,2.7766
11.789,1,2.7482
11.797,1,2.8556
11.805,1,2.7836
11.813,1,2.8119
11.821,1,2.7618
11.829,1,2.8001
11.837,1,2.6616
11.845,1,2.8456
11.853,1,2.8196
11.861,1,2.7464
11.869,1,2.8302
11.877,1,2.833
11.885,1,2.7195
11.893,1,2.8158
11.901,1,2.797
11.909,1,2.7555
11.917,1,2.7777
11.925,1,2.8751
11.933,1,2.7732
11.941,1,2.747
11.949,1,2.8129
11.957,1,2.8349
11.965,1,2.7803
11.973,1,2.772
11.981,1,2.8378
11.989,1,2.8685
11.997,1,2.7732
12.005,1,2.8212
12.013,1,2.6909
12.021,1,2.7509
12.029,1,2.7538
12.037,1,2.7178
12.045,1,2.7897
12.053,1,2.7464
12.061,1,2.7376
12.069,1,2.8452
12.077,1,2.7948
12.085,1,2.8481
12.093,1,2.8069
12.101,1,2.8853
12.109,1,2.8241
12.117,1,2.8265
12.125,1,2.8415
12.133,1,2.7518
12.141,1,2.7437
12.149,1,2.8507
12.157,1,2.8429
12.165,1,2.7576
12.173,1,2.7939
12.181,1,2.7993
12.189,1,2.8298
12.197,1,2.8186
12.205,1,2.7288
12.213,1,2.8505
12.221,1,2.8083
12.229,1,2.8141
12.237,1,2.8201
12.245,1,2.8157
12.253,1,2.7925
12.261,1,2.7568
12.269,1,2.7925
12.277,1,2.787
12.285,1,2.8499
12.293,1,2.9291
12.301,1,2.7744
12.309,1,2.8519
12.317,1,2.8317
12.325,1,2.8183
12.333,1,2.8484
12.341,1,2.8348
12.349,1,2.8173
12.357,1,2.7473
12.365,1,2.7731
12.373,1,2.8815
12.381,1,2.8526
12.389,1,2.836
12.397,1,2.8787
12.405,1,2.835
12.413,1,2.8165
12.421,1,2.7976
12.429,1,2.7872
12.437,1,2.8086
12.445,1,2.737
12.453,1,2.7981
12.461,1,2.8808
12.469,1,2.8035
12.477,1,2.8207
12.485,1,2.8253
12.493,1,2.9213
12.501,1,2.7587
12.509,1,2.7427
12.517,1,2.8424
12.525,1,2.8511
12.533,1,2.7825
12.541,1,2.7634
12.549,1,2.7994
12.557,1,2.7728
12.565,1,2.8329
12.573,1,2.8176
12.581,1,2.6405
12.589,1,2.8128
12.597,1,2.7568
12.605,1,2.768
12.613,1,2.8162
12.621,1,2.7735
12.629,1,2.7371
12.637,1,2.7935
12.645,1,2.7656
12.653,1,2.7807
12.661,1,2.7178
12.669,1,2.8459
12.677,1,2.7891
12.685,1,2.806
12.693,1,2.7395
12.701,1,2.7913
12.709,1,2.8628
12.717,1,2.794
12.725,1,2.8539
12.733,1,2.8255
12.741,1,2.8055
12.749,1,2.7971
12.757,1,2.7816
12.765,1,2.8444
12.773,1,2.8221
12.781,1,2.7282
12.789,1,2.864
12.797,1,2.7955
12.805,1,2.83
12.813,1,2.8187
12.821,1,2.8558
12.829,1,2.7451
12.837,1,2.783
12.845,1,2.7767
12.853,1,2.8656
12.861,1,2.9078
12.869,1,2.7736
12.877,1,2.8135
12.885,1,2.7213
12.893,1,2.7851
12.901,1,2.7446
12.909,1,2.8142
12.917,1,2.8921
12.925,1,2.7894
12.933,1,2.8104
12.941,1,2.8406
12.949,1,2.7439
12.957,1,2.7108
12.965,1,2.7895
12.973,1,2.7482
12.981,1,2.8589
12.989,1,2.8633
12.997,1,2.7581
13.005,1,2.8564
13.013,1,2.7265
13.021,1,2.8118
13.029,1,2.7957
13.037,1,2.7917
13.045,1,2.7652
13.053,1,2.742
13.061,1,2.7785
13.069,1,2.8195
13.077,1,2.8107
13.085,1,2.8467
13.093,1,2.7636
13.101,1,2.7492
13.109,1,2.8047
13.117,1,2.7741
13.125,1,2.844
13.133,1,2.7245
13.141,1,2.7716
13.149,1,2.8024
13.157,1,2.7698
13.165,1,2.7492
13.173,1,2.8526
13.181,1,2.8439
13.189,1,2.8845
13.197,1,2.832
13.205,1,2.7728
13.213,1,2.787
13.221,1,2.8191
13.229,1,2.8604
13.237,1,2.7923
13.245,1,2.7183
13.253,1,2.7522
13.261,1,2.8351
13.269,1,2.8034
13.277,1,2.8501
13.285,1,2.8251
13.293,1,2.7332
13.301,1,2.8669
13.309,1,2.7419
13.317,1,2.8006
13.325,1,2.8115
13.333,1,2.8262
13.341,1,2.8775
13.349,1,2.8579
13.357,1,2.7563
13.365,1,2.7578
13.373,1,2.857
13.381,1,2.8375
13.389,1,2.8151
13.397,1,2.804
13.405,1,2.8359
13.413,1,2.7829
13.421,1,2.9138
13.429,1,2.8041
13.437,1,2.8047
13.445,1,2.7877
13.453,1,2.818
13.461,1,2.8133
13.469,1,2.7609
13.477,1,2.8526
13.485,1,2.772
13.493,1,2.7616
13.501,1,2.8294
13.509,1,2.7821
13.517,1,2.7908
13.525,1,2.7324
13.533,1,2.7733
13.541,1,2.8362
13.549,1,2.7937
13.557,1,2.8021
13.565,1,2.7544
13.573,1,2.7199
13.581,1,2.7622
13.589,1,2.7769
13.597,1,2.7815
13.605,1,2.8563
13.613,1,2.7878
13.621,1,2.8676
13.629,1,2.8783
13.637,1,2.8096
13.645,1,2.7754
13.653,1,2.807
13.661,1,2.7803
13.669,1,2.7899
13.677,1,2.8365
13.685,1,2.8395
13.693,1,2.736
13.701,1,2.7439
13.709,1,2.8626
13.717,1,2.7747
13.725,1,2.7716
13.733,1,2.875
13.741,1,2.8378
13.749,1,2.8605
13.758,1,2.7726
13.766,1,2.8798
13.774,1,2.7756
13.782,1,2.8036
13.79,1,2.7547
13.798,1,2.8051
13.806,1,2.7825
13.814,1,2.8201
13.822,1,2.7393
13.83,1,2.739
13.838,1,2.7501
13.846,1,2.7584
13.854,1,2.7534
13.862,1,2.7682
13.87,1,2.7157
13.878,1,2.7512
13.886,1,2.6917
13.894,1,2.7141
13.902,1,2.8169
13.91,1,2.7381
13.918,1,2.7888
13.926,1,2.7586
13.934,1,2.8358
13.942,1,2.6781
13.95,1,2.7962
13.958,1,2.873
13.966,1,2.8408
13.974,1,2.8291
13.982,1,2.7752
13.99,1,2.965
13.998,1,2.791
14.006,1,2.8475
14.014,1,2.8818
14.022,1,2.7828
14.03,1,2.7976
14.038,1,2.7783
14.046,1,2.7458
14.054,1,2.8331
14.062,1,2.7926
14.07,1,2.7022
14.078,1,2.7947
14.086,1,2.8523
14.094,1,2.7875
14.102,1,2.8193
14.11,1,2.7892
14.118,1,2.6958
14.126,1,2.7717
14.134,1,2.7879
14.142,1,2.7227
14.15,1,2.7033
14.158,1,2.8363
14.166,1,2.8183
14.174,1,2.76
14.182,1,2.7142
14.19,1,2.8534
14.198,1,2.8477
14.206,1,2.77
14.214,1,2.7965
14.222,1,2.8243
14.23,1,2.7874
14.238,1,2.8086
14.246,1,2.8946
14.254,1,2.8008
14.262,1,2.8643
14.27,1,2.8465
14.278,1,2.764
14.286,1,2.8648
14.294,1,2.771
14.302,1,2.8239
14.31,1,2.8005
14.318,1,2.7843
14.326,1,2.8586
14.334,1,2.8278
14.342,1,2.7946
14.35,1,2.8448
14.358,1,2.8346
14.366,1,2.8397
14.374,1,2.803
14.382,1,2.71
14.39,1,2.8205
14.398,1,2.8617
14.406,1,2.7806
14.414,1,2.7716
14.422,1,2.7982
14.43,1,2.8293
14.438,1,2.8201
14.446,1,2.7822
14.454,1,2.8793
14.462,1,2.7369
14.47,1,2.7336
14.478,1,2.9275
14.486,1,2.8202
14.494,1,2.8556
14.502,1,2.7605
14.51,1,2.7953
14.518,1,2.8904
14.526,1,2.7989
14.534,1,2.7766
14.542,1,2.8058
14.55,1,2.6914
14.558,1,2.8474
14.566,1,2.7739
14.574,1,2.752
14.582,1,2.7777
14.59,1,2.7858
14.598,1,2.7671
14.606,1,2.7015
14.614,1,2.7614
14.622,1,2.798
14.63,1,2.7526
14.638,1,2.7724
14.646,1,2.7839
14.654,1,2.8085
14.662,1,2.8045
14.67,1,2.7701
14.678,1,2.7415
14.686,1,2.739
14.694,1,2.8199
14.702,1,2.7764
14.71,1,2.8304
14.718,1,2.827
14.726,1,2.8465
14.734,1,2.831
14.742,1,2.7849
14.75,1,2.8027
14.758,1,2.814
14.766,1,2.795
14.774,1,2.7488
14.782,1,2.7755
14.79,1,2.8893
14.798,1,2.7772
14.806,1,2.7406
14.814,1,2.8051
14.822,1,2.7792
14.83,1,2.8785
14.838,1,2.8279
14.846,1,2.8229
14.854,1,2.7658
14.862,1,2.8478
14.87,1,2.7586
14.878,1,2.8594
14.886,1,2.6879
14.894,1,2.8723
14.902,1,2.7627
14.91,1,2.7886
14.918,1,2.7907
14.926,1,2.8134
14.934,1,2.8124
14.942,1,2.8787
14.95,1,2.7937
14.958,1,2.8104
14.966,1,2.8259
14.974,1,2.8109
14.982,1,2.7856
14.99,1,2.8279
14.998,1,2.7517
15.006,1,2.7786
15.014,1,2.8233
15.022,1,2.7995
15.03,1,2.8301
15.038,1,2.7727
15.046,1,2.757
15.054,1,2.7999
15.062,1,2.788
15.07,1,2.7259
15.078,1,2.797
15.086,1,2.7945
15.094,1,2.7213
15.102,1,2.6944
15.11,1,2.7724
15.118,1,2.8803
15.126,1,2.82
15.134,1,2.899
15.142,1,2.7498
15.15,1,2.8031
15.158,1,2.7431
15.166,1,2.8845
15.174,1,2.7385
15.182,1,2.8084
15.19,1,2.8239
15.198,1,2.747
15.206,1,2.8579
15.214,1,2.7667
15.222,1,2.7337
15.23,1,2.8061
15.238,1,2.789
15.246,1,2.8025
15.254,1,2.7769
15.262,1,2.8551
15.27,1,2.8043
15.278,1,2.8309
15.286,1,2.7272
15.294,1,2.8591
15.302,1,2.7736
15.31,1,2.8622
15.318,1,2.7468
15.326,1,2.8064
15.334,1,2.6776
15.342,1,2.7697
15.35,1,2.8402
15.358,1,2.8143
15.366,1,2.8591
15.374,1,2.8253
15.382,1,2.7392
15.39,1,2.8229
15.398,1,2.7993
15.406,1,2.8915
15.414,1,2.828
15.422,1,2.8508
15.43,1,2.8259
15.438,1,2.7794
15.446,1,2.8374
15.454,1,2.8412
15.462,1,2.8482
15.47,1,2.7899
15.478,1,2.7304
15.486,1,2.8334
15.494,1,2.7755
15.502,1,2.8627
15.51,1,2.7766
15.518,1,2.8713
15.526,1,2.8909
15.534,1,2.7513
15.542,1,2.8296
15.55,1,2.8508
15.558,1,2.8183
15.566,1,2.755
15.574,1,2.7344
15.582,1,2.8624
15.59,1,2.8196
15.598,1,2.7221
15.606,1,2.7448
15.614,1,2.8521
15.622,1,2.7698
15.63,1,2.8493
15.638,1,2.8497
15.646,1,2.7614
15.654,1,2.8573
15.662,1,2.8403
15.67,1,2.7235
15.678,1,2.8166
15.686,1,2.8411
15.694,1,2.8474
15.702,1,2.7783
15.71,1,2.8471
15.718,1,2.7347
15.726,1,2.7497
15.734,1,2.8067
15.742,1,2.792
15.75,1,2.7778
15.758,1,2.8469
15.766,1,2.8397
15.774,1,2.769
15.782,1,2.7698
15.79,1,2.8647
15.798,1,2.8255
15.806,1,2.7756
15.814,1,2.7345
15.822,1,2.8111
15.83,1,2.7731
15.838,1,2.7442
15.846,1,2.794
15.854,1,2.7991
15.862,1,2.8044
15.87,1,2.7672
15.878,1,2.8044
15.886,1,2.8016
15.894,1,2.7946
15.902,1,2.8035
15.91,1,2.7809
15.918,1,2.8658
15.926,1,2.8263
15.934,1,2.7589
15.942,1,2.8756
15.95,1,2.7065
15.958,1,2.7752
15.966,1,2.8392
15.974,1,2.8867
15.982,1,2.769
15.99,1,2.9032
15.998,1,2.8765
16.006,1,2.846
16.014,1,2.79
16.022,1,2.8015
16.03,1,2.8894
16.038,1,2.8685
16.046,1,2.8148
16.054,1,2.8085
16.062,1,2.877
16.07,1,2.8321
16.078,1,2.8014
16.086,1,2.8085
16.094,1,2.8264
16.102,1,2.7699
16.11,1,2.7782
16.118,1,2.7605
16.126,1,2.8169
16.134,1,2.7904
16.142,1,2.8233
16.15,1,2.7387
16.158,1,2.763
16.166,1,2.848
16.174,1,2.8148
16.182,1,2.8728
16.19,1,2.8527
16.198,1,2.7994
16.206,1,2.8262
16.214,1,2.7962
16.222,1,2.7847
16.23,1,2.7521
16.238,1,2.8317
16.246,1,2.8358
16.255,1,2.7892
16.263,1,2.7931
16.271,1,2.8108
16.279,1,2.8415
16.287,1,2.737
16.295,1,2.7947
16.303,1,2.8279
16.311,1,2.8286
16.319,1,2.84
16.327,1,2.8156
16.335,1,2.7854
16.343,1,2.7719
16.351,1,2.8672
16.359,1,2.8335
16.367,1,2.8479
16.375,1,2.8704
16.383,1,2.807
16.391,1,2.7851
16.399,1,2.8127
16.407,1,2.8322
16.415,1,2.7124
16.423,1,2.8441
16.431,1,2.7164
16.439,1,2.7952
16.447,1,2.7893
16.455,1,2.7034
16.463,1,2.778
16.471,1,2.8257
16.479,1,2.8425
16.487,1,2.7525
16.495,1,2.7354
16.503,1,2.8687
16.511,1,2.8049
16.519,1,2.7695
16.527,1,2.785
16.535,1,2.7695
16.543,1,2.8148
16.551,1,2.834
16.559,1,2.7181
16.567,1,2.7025
16.575,1,2.7984
16.583,1,2.781
16.591,1,2.8708
16.599,1,2.7894
16.607,1,2.7863
16.615,1,2.7482
16.623,1,2.8738
16.631,1,2.8561
16.639,1,2.7838
16.647,1,2.7819
16.655,1,2.837
16.663,1,2.7406
16.671,1,2.7779
16.679,1,2.7727
16.687,1,2.7943
16.695,1,2.926
16.703,1,2.7368
16.711,1,2.7247
16.719,1,2.8819
16.727,1,2.7973
16.735,1,2.8314
16.743,1,2.7457
16.751,1,2.763
16.759,1,2.8082
16.767,1,2.7776
16.775,1,2.8774
16.783,1,2.8272
16.791,1,2.777
16.799,1,2.7661
16.807,1,2.7803
16.815,1,2.8352
16.823,1,2.8297
16.831,1,2.8399
16.839,1,2.7427
16.847,1,2.7809
16.855,1,2.8563
16.863,1,2.7253
16.871,1,2.8225
16.879,1,2.7483
16.887,1,2.8418
16.895,1,2.7834
16.903,1,2.888
16.911,1,2.7897
16.919,1,2.8329
16.927,1,2.7432
16.935,1,2.7795
16.943,1,2.817
16.951,1,2.6716
16.959,1,2.8005
16.967,1,2.7632
16.975,1,2.7771
16.983,1,2.8095
16.991,1,2.8921
16.999,1,2.7394
17.007,1,2.7831
17.015,1,2.7712
17.023,1,2.7768
17.031,1,2.816
17.039,1,2.838
17.047,1,2.8036
17.055,1,2.7495
17.063,1,2.7626
17.071,1,2.8395
17.079,1,2.794
17.087,1,2.817
17.095,1,2.8477
17.103,1,2.8345
17.111,1,2.7235
17.119,1,2.8421
17.127,1,2.7736
17.135,1,2.8292
17.143,1,2.7688
17.151,1,2.816
17.159,1,2.7353
17.167,1,2.8769
17.175,1,2.7263
17.183,1,2.7261
17.191,1,2.7471
17.199,1,2.7974
17.207,1,2.8432
17.215,1,2.7998
17.223,1,2.8131
17.231,1,2.7509
17.239,1,2.7823
17.247,1,2.825
17.255,1,2.9127
17.263,1,2.7712
17.271,1,2.7207
17.279,1,2.743
17.287,1,2.825
17.295,1,2.8527
17.303,1,2.8658
17.311,1,2.8557
17.319,1,2.8155
17.327,1,2.8615
17.335,1,2.8363
17.343,1,2.82
17.351,1,2.8486
17.359,1,2.7529
17.367,1,2.7608
17.375,1,2.8016
17.383,1,2.7785
17.391,1,2.7647
17.399,1,2.8576
17.407,1,2.7799
17.415,1,2.8369
17.423,1,2.7128
17.431,1,2.8426
17.439,1,2.7718
17.447,1,2.6873
17.455,1,2.7695
17.463,1,2.787
17.471,1,2.852
17.479,1,2.821
17.487,1,2.7739
17.495,1,2.8097
17.503,1,2.7876
17.511,1,2.7969
17.519,1,2.8419
17.527,1,2.835
17.535,1,2.7225
17.543,1,2.8642
17.551,1,2.8503
17.559,1,2.795
17.567,1,2.7555
17.575,1,2.7898
17.583,1,2.8108
17.591,1,2.7259
17.599,1,2.7797
17.607,1,2.8006
17.615,1,2.831
17.623,1,2.8484
17.631,1,2.8611
17.639,1,2.8876
17.647,1,2.7566
17.655,1,2.7478
17.663,1,2.8671
17.671,1,2.7262
17.679,1,2.7591
17.687,1,2.8536
17.695,1,2.7207
17.703,1,2.8376
17.711,1,2.8536
17.719,1,2.7446
17.727,1,2.8419
17.735,1,2.7117
17.743,1,2.7671
17.751,1,2.7987
17.759,1,2.785
17.767,1,2.8174
17.775,1,2.8079
17.783,1,2.8433
17.791,1,2.7411
17.799,1,2.7752
17.807,1,2.8707
17.815,1,2.8229
17.823,1,2.8127
17.831,1,2.7993
17.839,1,2.8723
17.847,1,2.9047
17.855,1,2.738
17.863,1,2.812
17.871,1,2.8628
17.879,1,2.8213
17.887,1,2.6659
17.895,1,2.7612
17.903,1,2.7769
17.911,1,2.7871
17.919,1,2.8632
17.927,1,2.9016
17.935,1,2.8237
17.943,1,2.8461
17.951,1,2.8616
17.959,1,2.7741
17.967,1,2.7653
17.975,1,2.8067
17.983,1,2.8267
17.991,1,2.7402
17.999,1,2.839
18.007,1,2.7891
18.015,1,2.77
18.023,1,2.8511
18.031,1,2.8053
18.039,1,2.7831
18.047,1,2.7835
18.055,1,2.7823
18.063,1,2.85
18.071,1,2.711
18.079,1,2.7759
18.087,1,2.7024
18.095,1,2.8481
18.103,1,2.7296
18.111,1,2.7584
18.119,1,2.7504
18.127,1,2.8522
18.135,1,2.7966
18.143,1,2.788
18.151,1,2.7703
18.159,1,2.8418
18.167,1,2.7298
18.175,1,2.7666
18.183,1,2.83
18.191,1,2.7184
18.199,1,2.8007
18.207,1,2.7761
18.215,1,2.8872
18.223,1,2.8567
18.231,1,2.8007
18.239,1,2.8171
18.247,1,2.787
18.255,1,2.9577
18.263,1,2.7903
18.271,1,2.6993
18.279,1,2.7704
18.287,1,2.7773
18.295,1,2.7203
18.303,1,2.8141
18.311,1,2.8696
18.319,1,2.7743
18.327,1,2.7353
18.335,1,2.7633
18.343,1,2.8165
18.351,1,2.7937
18.359,1,2.7022
18.367,1,2.8282
18.375,1,2.8293
18.383,1,2.7097
18.391,1,2.8084
18.399,1,2.8379
18.407,1,2.8284
18.415,1,2.7791
18.423,1,2.8457
18.431,1,2.7345
18.439,1,2.7015
18.447,1,2.8507
18.455,1,2.8056
18.463,1,2.8343
18.471,1,2.7555
18.479,1,2.8809
18.487,1,2.7707
18.495,1,2.8334
18.503,1,2.7439
18.511,1,2.7503
18.519,1,2.7548
18.527,1,2.7861
18.535,1,2.8226
18.543,1,2.8511
18.551,1,2.8501
18.559,1,2.8302
18.567,1,2.8296
18.575,1,2.7873
18.583,1,2.7703
18.591,1,2.7961
18.599,1,2.827
18.607,1,2.7704
18.615,1,2.8837
18.623,1,2.8789
18.631,1,2.8392
18.639,1,2.8261
18.647,1,2.7565
18.655,1,2.6782
18.663,1,2.7597
18.671,1,2.7322
18.679,1,2.8386
18.687,1,2.8815
18.695,1,2.8147
18.703,1,2.7795
18.711,1,2.7496
18.719,1,2.7727
18.727,1,2.8351
18.735,1,2.7986
18.743,1,2.894
18.752,1,2.7567
18.76,1,2.6652
18.768,1,2.8071
18.776,1,2.7486
18.784,1,2.8264
18.792,1,2.8075
18.8,1,2.8762
18.808,1,2.7081
18.816,1,2.8227
18.824,1,2.8347
18.832,1,2.7349
18.84,1,2.853
18.848,1,2.9109
18.856,1,2.8099
18.864,1,2.8519
18.872,1,2.8095
18.88,1,2.724
18.888,1,2.8285
18.896,1,2.7744
18.904,1,2.783
18.912,1,2.8241
18.92,1,2.8393
18.928,1,2.7171
18.936,1,2.8812
18.944,1,2.8346
18.952,1,2.7879
18.96,1,2.8481
18.968,1,2.7517
18.976,1,2.8026
18.984,1,2.8438
18.992,1,2.7818
19,1,2.7875
19.008,1,2.7559
19.016,1,2.8142
19.024,1,2.7853
19.032,1,2.7902
19.04,1,2.8856
19.048,1,2.825
19.056,1,2.7716
19.064,1,2.8237
19.072,1,2.7033
19.08,1,2.7093
19.088,1,2.7688
19.096,1,2.75
19.104,1,2.7773
19.112,1,2.8423
19.12,1,2.8165
19.128,1,2.7082
19.136,1,2.7832
19.144,1,2.8927
19.152,1,2.7618
19.16,1,2.6604
19.168,1,2.6904
19.176,1,2.738
19.184,1,2.8346
19.192,1,2.7685
19.2,1,2.8115
19.208,1,2.7903
19.216,1,2.7765
19.224,1,2.8735
19.232,1,2.7267
19.24,1,2.7318
19.248,1,2.7842
19.256,1,2.8461
19.264,1,2.857
19.272,1,2.6987
19.28,1,2.828
19.288,1,2.7589
19.296,1,2.785
19.304,1,2.7019
19.312,1,2.7801
19.32,1,2.7554
19.328,1,2.7611
19.336,1,2.8722
19.344,1,2.8577
19.352,1,2.8265
19.36,1,2.7391
19.368,1,2.7379
19.376,1,2.8146
19.384,1,2.7018
19.392,1,2.7951
19.4,1,2.7616
19.408,1,2.8184
19.416,1,2.7395
19.424,1,2.7907
19.432,1,2.7102
19.44,1,2.8034
19.448,1,2.7882
19.456,1,2.7127
19.464,1,2.79
19.472,1,2.805
19.48,1,2.755
19.488,1,2.8404
19.496,1,2.7655
19.504,1,2.7057
19.512,1,2.781
19.52,1,2.751
19.528,1,2.764
19.536,1,2.7235
19.544,1,2.8406
19.552,1,2.7309
19.56,1,2.7931
19.568,1,2.7852
19.576,1,2.8265
19.584,1,2.7505
19.592,1,2.8198
19.6,1,2.845
19.608,1,2.7878
19.616,1,2.7782
19.624,1,2.8222
19.632,1,2.7943
19.64,1,2.8941
19.648,1,2.8063
19.656,1,2.6965
19.664,1,2.8345
19.672,1,2.8334
19.68,1,2.7456
19.688,1,2.767
19.696,1,2.8403
19.704,1,2.7504
19.712,1,2.771
19.72,1,2.8109
19.728,1,2.7414
19.736,1,2.8115
19.744,1,2.7971
19.752,1,2.887
19.76,1,2.8216
19.768,1,2.7687
19.776,1,2.8439
19.784,1,2.775
19.792,1,2.8525
19.8,1,2.7225
19.808,1,2.852
19.816,1,2.8205
19.824,1,2.8302
19.832,1,2.7789
19.84,1,2.8368
19.848,1,2.796
19.856,1,2.8157
19.864,1,2.7667
19.872,1,2.8375
19.88,1,2.7962
19.888,1,2.8391
19.896,1,2.8362
19.904,1,2.7519
19.912,1,2.7357
19.92,1,2.7488
19.928,1,2.7531
19.936,1,2.7454
19.944,1,2.7578
19.952,1,2.7962
19.96,1,2.7629
19.968,1,2.8479
19.976,1,2.8161
19.984,1,2.8567
19.992,1,2.822
20,1,2.8321
