0,0,2.0341
4.0016e-07,0,1.7591
8.0032e-07,0,1.7874
1.2005e-06,0,2.1569
1.6006e-06,0,1.9477
2.0008e-06,0,1.9481
2.401e-06,0,1.8108
2.8011e-06,0,2.0382
3.2013e-06,0,2.1852
3.6014e-06,0,1.8276
4.0016e-06,0,2.0728
4.4018e-06,0,2.0539
4.8019e-06,0,1.8857
5.2021e-06,0,1.9958
5.6022e-06,0,2.0531
6.0024e-06,0,2.2149
6.4026e-06,0,1.9268
6.8027e-06,0,1.9324
7.2029e-06,0,2.1393
7.603e-06,0,1.9415
8.0032e-06,0,1.8559
8.4034e-06,0,2.0733
8.8035e-06,0,1.9922
9.2037e-06,0,2.0078
9.6038e-06,0,2.229
1.0004e-05,0,1.9252
1.0404e-05,0,2.0408
1.0804e-05,0,1.8072
1.1204e-05,0,2.1021
1.1605e-05,0,2.1411
1.2005e-05,0,2.0045
1.2405e-05,0,1.9585
1.2805e-05,0,2.0722
1.3205e-05,0,1.9795
1.3605e-05,0,2.078
1.4006e-05,0,1.8849
1.4406e-05,0,1.8739
1.4806e-05,0,1.8336
1.5206e-05,0,2.0083
1.5606e-05,0,1.9945
1.6006e-05,0,2.0172
1.6407e-05,0,2.0509
1.6807e-05,0,2.0616
1.7207e-05,0,1.95
1.7607e-05,0,2.0251
1.8007e-05,0,2.0071
1.8407e-05,0,1.9779
1.8808e-05,0,2.0831
1.9208e-05,0,2.0605
1.9608e-05,0,2.0118
2.0008e-05,0,1.6867
2.0408e-05,0,1.9172
2.0808e-05,0,1.9434
2.1208e-05,0,2.1137
2.1609e-05,0,2.0296
2.2009e-05,0,2.0606
2.2409e-05,0,1.9724
2.2809e-05,0,2.1714
2.3209e-05,0,2.1314
2.3609e-05,0,1.9657
2.401e-05,0,2.0735
2.441e-05,0,1.9887
2.481e-05,0,1.8742
2.521e-05,0,1.9188
2.561e-05,0,1.9301
2.601e-05,0,2.0482
2.6411e-05,0,1.9678
2.6811e-05,0,1.7714
2.7211e-05,0,2.0152
2.7611e-05,0,2.0161
2.8011e-05,0,2.0189
2.8411e-05,0,1.9938
2.8812e-05,0,2.1575
2.9212e-05,0,1.9077
2.9612e-05,0,1.9273
3.0012e-05,0,1.9185
3.0412e-05,0,2.0445
3.0812e-05,0,1.9343
3.1212e-05,0,2.1115
3.1613e-05,0,2.1013
3.2013e-05,0,1.9988
3.2413e-05,0,2.1297
3.2813e-05,0,2.119
3.3213e-05,0,2.0277
3.3613e-05,0,2.0335
3.4014e-05,0,2.162
3.4414e-05,0,2.2549
3.4814e-05,0,2.0423
3.5214e-05,0,1.9116
3.5614e-05,0,1.8319
3.6014e-05,0,1.9721
3.6415e-05,0,1.953
3.6815e-05,0,2.0252
3.7215e-05,0,1.9551
3.7615e-05,0,1.9178
3.8015e-05,0,2.0001
3.8415e-05,0,1.9869
3.8816e-05,0,1.902
3.9216e-05,0,2.0931
3.9616e-05,0,2.0088
4.0016e-05,0,1.9613
4.0416e-05,0,1.9195
4.0816e-05,0,1.9727
4.1216e-05,0,1.9918
4.1617e-05,0,1.9791
4.2017e-05,0,1.9208
4.2417e-05,0,2.0571
4.2817e-05,0,1.9337
4.3217e-05,0,1.932
4.3617e-05,0,2.0161
4.4018e-05,0,2.0255
4.4418e-05,0,2.1541
4.4818e-05,0,1.9941
4.5218e-05,0,1.9901
4.5618e-05,0,2.0001
4.6018e-05,0,2.1337
4.6419e-05,0,1.9451
4.6819e-05,0,2.0961
4.7219e-05,0,2.0979
4.7619e-05,0,1.7797
4.8019e-05,0,1.937
4.8419e-05,0,2.1002
4.882e-05,0,2.2104
4.922e-05,0,1.9739
4.962e-05,0,2.091
5.002e-05,0,2.1246
5.042e-05,0,2.0887
5.082e-05,0,2.0036
5.122e-05,0,2.0486
5.1621e-05,0,1.9815
5.2021e-05,0,1.8703
5.2421e-05,0,1.8765
5.2821e-05,0,1.898
5.3221e-05,0,2.2325
5.3621e-05,0,1.9922
5.4022e-05,0,2.1059
5.4422e-05,0,2.0575
5.4822e-05,0,1.9874
5.5222e-05,0,1.9888
5.5622e-05,0,2.0634
5.6022e-05,0,2.012
5.6423e-05,0,1.9727
5.6823e-05,0,1.9323
5.7223e-05,0,1.912
5.7623e-05,0,2.1327
5.8023e-05,0,2.0414
5.8423e-05,0,2.0147
5.8824e-05,0,2.1706
5.9224e-05,0,1.8987
5.9624e-05,0,2.0587
6.0024e-05,0,2.0726
6.0424e-05,0,1.8796
6.0824e-05,0,2.0733
6.1224e-05,0,2.1161
6.1625e-05,0,1.9297
6.2025e-05,0,2.0129
6.2425e-05,0,1.9384
6.2825e-05,0,1.9306
6.3225e-05,0,2.0057
6.3625e-05,0,2.0415
6.4026e-05,0,1.9942
6.4426e-05,0,2.2219
6.4826e-05,0,1.9722
6.5226e-05,0,2.1579
6.5626e-05,0,1.8445
6.6026e-05,0,2.1251
6.6427e-05,0,1.9132
6.6827e-05,0,1.9522
6.7227e-05,0,2.0439
6.7627e-05,0,2.0779
6.8027e-05,0,2.0423
6.8427e-05,0,2.0895
6.8828e-05,0,2.0016
6.9228e-05,0,1.9706
6.9628e-05,0,2.0123
7.0028e-05,0,1.9181
7.0428e-05,0,2.0556
7.0828e-05,0,1.9602
7.1228e-05,0,1.8797
7.1629e-05,0,2.0252
7.2029e-05,0,1.9586
7.2429e-05,0,2.1784
7.2829e-05,0,1.9573
7.3229e-05,0,2.0644
7.3629e-05,0,2.1281
7.403e-05,0,1.7953
7.443e-05,0,1.916
7.483e-05,0,2.0307
7.523e-05,0,2.0995
7.563e-05,0,2.0333
7.603e-05,0,1.8411
7.6431e-05,0,2.0441
7.6831e-05,0,2.1465
7.7231e-05,0,1.8454
7.7631e-05,0,1.8127
7.8031e-05,0,1.9746
7.8431e-05,0,2.1928
7.8832e-05,0,2.0899
7.9232e-05,0,2.14
7.9632e-05,0,2.0878
8.0032e-05,0,2.0413
8.0432e-05,0,2.0178
8.0832e-05,0,1.983
8.1232e-05,0,1.9775
8.1633e-05,0,1.763
8.2033e-05,0,1.8311
8.2433e-05,0,2.0932
8.2833e-05,0,2.0945
8.3233e-05,0,1.9308
8.3633e-05,0,1.9519
8.4034e-05,0,1.9563
8.4434e-05,0,2.0371
8.4834e-05,0,1.8975
8.5234e-05,0,1.8431
8.5634e-05,0,1.9724
8.6034e-05,0,1.933
8.6435e-05,0,2.052
8.6835e-05,0,1.9747
8.7235e-05,0,2.1793
8.7635e-05,0,2.0035
8.8035e-05,0,2.1146
8.8435e-05,0,2.003
8.8836e-05,0,1.969
8.9236e-05,0,1.8465
8.9636e-05,0,2.0462
9.0036e-05,0,1.9582
9.0436e-05,0,2.0142
9.0836e-05,0,2.0587
9.1236e-05,0,2.1148
9.1637e-05,0,1.9948
9.2037e-05,0,1.8296
9.2437e-05,0,1.867
9.2837e-05,0,1.9414
9.3237e-05,0,2.0031
9.3637e-05,0,1.9561
9.4038e-05,0,2.0775
9.4438e-05,0,2.1193
9.4838e-05,0,2.0372
9.5238e-05,0,1.9767
9.5638e-05,0,1.8935
9.6038e-05,0,2.0644
9.6439e-05,0,1.8605
9.6839e-05,0,2.068
9.7239e-05,0,2.0447
9.7639e-05,0,1.9591
9.8039e-05,0,2.0099
9.8439e-05,0,1.9819
9.884e-05,0,1.956
9.924e-05,0,2.0224
9.964e-05,0,2.0812
0.00010004,1,1.9884
0.00010044,1,1.9652
0.00010084,1,1.9855
0.00010124,1,1.9663
0.00010164,1,2.0583
0.00010204,1,2.0778
0.00010244,1,2.0984
0.00010284,1,1.9082
0.00010324,1,2.1001
0.00010364,1,1.9673
0.00010404,1,2.1367
0.00010444,1,2.1409
0.00010484,1,1.8382
0.00010524,1,1.9715
0.00010564,1,2.0879
0.00010604,1,2.0035
0.00010644,1,2.0355
0.00010684,1,1.8556
0.00010724,1,2.0213
0.00010764,1,2.1094
0.00010804,1,2.0659
0.00010844,1,2.0673
0.00010884,1,1.8418
0.00010924,1,2.0449
0.00010964,1,1.9613
0.00011004,1,2.0565
0.00011044,1,1.8887
0.00011084,1,2.03
0.00011124,1,1.913
0.00011164,1,1.9631
0.00011204,1,2.1991
0.00011244,1,1.8733
0.00011285,1,1.9991
0.00011325,1,1.9103
0.00011365,1,2.1649
0.00011405,1,2.0493
0.00011445,1,1.8163
0.00011485,1,2.1596
0.00011525,1,1.8971
0.00011565,1,1.8905
0.00011605,1,2.0676
0.00011645,1,2.1284
0.00011685,1,2.0167
0.00011725,1,1.8683
0.00011765,1,1.9126
0.00011805,1,1.9555
0.00011845,1,1.8878
0.00011885,1,2.1526
0.00011925,1,2.107
0.00011965,1,1.8878
0.00012005,1,1.9555
0.00012045,1,1.7357
0.00012085,1,1.9727
0.00012125,1,2.065
0.00012165,1,2.117
0.00012205,1,1.756
0.00012245,1,2.0755
0.00012285,1,1.8553
0.00012325,1,1.8909
0.00012365,1,2.1252
0.00012405,1,2.1353
0.00012445,1,1.9797
0.00012485,1,2.1004
0.00012525,1,2.0481
0.00012565,1,1.9509
0.00012605,1,2.1665
0.00012645,1,1.9587
0.00012685,1,2.042
0.00012725,1,2.0871
0.00012765,1,2.0975
0.00012805,1,2.0472
0.00012845,1,2.0442
0.00012885,1,1.9829
0.00012925,1,1.9328
0.00012965,1,2.1224
0.00013005,1,2.0334
0.00013045,1,1.9426
0.00013085,1,2.1733
0.00013125,1,1.9739
0.00013165,1,2.2271
0.00013205,1,2.1067
0.00013245,1,1.9669
0.00013285,1,2.1823
0.00013325,1,2.0872
0.00013365,1,2.012
0.00013405,1,1.9185
0.00013445,1,2.2757
0.00013485,1,2.2229
0.00013525,1,2.0545
0.00013565,1,2.0869
0.00013605,1,2.2271
0.00013645,1,1.9983
0.00013685,1,2.3611
0.00013725,1,2.533
0.00013766,1,2.2869
0.00013806,1,2.3195
0.00013846,1,2.1646
0.00013886,1,2.403
0.00013926,1,2.4674
0.00013966,1,2.3312
0.00014006,1,2.4194
0.00014046,1,2.5501
0.00014086,1,2.299
0.00014126,1,2.3531
0.00014166,1,2.4135
0.00014206,1,2.4323
0.00014246,1,2.4153
0.00014286,1,2.432
0.00014326,1,2.3996
0.00014366,1,2.3135
0.00014406,1,2.462
0.00014446,1,2.4304
0.00014486,1,2.4206
0.00014526,1,2.5193
0.00014566,1,2.8018
0.00014606,1,2.707
0.00014646,1,2.3539
0.00014686,1,2.6038
0.00014726,1,2.5814
0.00014766,1,2.7224
0.00014806,1,2.6265
0.00014846,1,2.718
0.00014886,1,2.7779
0.00014926,1,2.6993
0.00014966,1,2.8333
0.00015006,1,2.989
0.00015046,1,2.7847
0.00015086,1,2.9604
0.00015126,1,2.9269
0.00015166,1,3.1161
0.00015206,1,3.002
0.00015246,1,2.9504
0.00015286,1,3.1973
0.00015326,1,3.1258
0.00015366,1,3.0698
0.00015406,1,3.2594
0.00015446,1,3.3176
0.00015486,1,3.1213
0.00015526,1,3.1198
0.00015566,1,3.2646
0.00015606,1,3.1359
0.00015646,1,3.2197
0.00015686,1,3.1092
0.00015726,1,3.3359
0.00015766,1,3.4187
0.00015806,1,3.3535
0.00015846,1,3.2283
0.00015886,1,3.3691
0.00015926,1,3.4705
0.00015966,1,3.6679
0.00016006,1,3.4434
0.00016046,1,3.5813
0.00016086,1,3.5728
0.00016126,1,3.6866
0.00016166,1,3.5968
0.00016206,1,3.4801
0.00016246,1,3.5967
0.00016287,1,3.7759
0.00016327,1,3.8772
0.00016367,1,3.5395
0.00016407,1,3.7254
0.00016447,1,3.6959
0.00016487,1,3.9111
0.00016527,1,3.8319
0.00016567,1,3.6743
0.00016607,1,3.8635
0.00016647,1,3.857
0.00016687,1,3.8238
0.00016727,1,3.9906
0.00016767,1,3.6448
0.00016807,1,3.9208
0.00016847,1,3.716
0.00016887,1,3.8474
0.00016927,1,3.8782
0.00016967,1,3.9434
0.00017007,1,3.8972
0.00017047,1,3.9029
0.00017087,1,3.984
0.00017127,1,3.7736
0.00017167,1,4.0469
0.00017207,1,3.8122
0.00017247,1,4.0031
0.00017287,1,4.0239
0.00017327,1,3.9182
0.00017367,1,4.0152
0.00017407,1,3.8483
0.00017447,1,3.8478
0.00017487,1,4.0217
0.00017527,1,3.8703
0.00017567,1,3.9556
0.00017607,1,4.0623
0.00017647,1,4.0439
0.00017687,1,3.8826
0.00017727,1,4.0512
0.00017767,1,3.8713
0.00017807,1,3.8942
0.00017847,1,3.8275
0.00017887,1,3.8414
0.00017927,1,3.883
0.00017967,1,3.8367
0.00018007,1,3.8113
0.00018047,1,3.6727
0.00018087,1,3.588
0.00018127,1,3.6529
0.00018167,1,3.7815
0.00018207,1,3.6255
0.00018247,1,3.6319
0.00018287,1,3.5746
0.00018327,1,3.5995
0.00018367,1,3.4477
0.00018407,1,3.657
0.00018447,1,3.6768
0.00018487,1,3.2969
0.00018527,1,3.7277
0.00018567,1,3.4105
0.00018607,1,3.5901
0.00018647,1,3.25
0.00018687,1,3.6126
0.00018727,1,3.2428
0.00018768,1,3.4087
0.00018808,1,3.4673
0.00018848,1,3.2705
0.00018888,1,3.4213
0.00018928,1,3.4236
0.00018968,1,3.3167
0.00019008,1,3.2927
0.00019048,1,3.2404
0.00019088,1,3.2511
0.00019128,1,3.2437
0.00019168,1,3.3838
0.00019208,1,3.0851
0.00019248,1,3.1613
0.00019288,1,3.1247
0.00019328,1,2.9968
0.00019368,1,2.8554
0.00019408,1,3.0592
0.00019448,1,2.9708
0.00019488,1,2.8676
0.00019528,1,2.7494
0.00019568,1,2.9456
0.00019608,1,2.6562
0.00019648,1,2.9663
0.00019688,1,2.6252
0.00019728,1,2.7181
0.00019768,1,2.7165
0.00019808,1,2.908
0.00019848,1,2.4992
0.00019888,1,2.549
0.00019928,1,2.8467
0.00019968,1,2.562
0.00020008,1,2.5931
0.00020048,1,2.5476
0.00020088,1,2.7191
0.00020128,1,2.5104
0.00020168,1,2.5805
0.00020208,1,2.6159
0.00020248,1,2.558
0.00020288,1,2.6159
0.00020328,1,2.5891
0.00020368,1,2.531
0.00020408,1,2.408
0.00020448,1,2.6083
0.00020488,1,2.5032
0.00020528,1,2.6593
0.00020568,1,2.4858
0.00020608,1,2.5261
0.00020648,1,2.5772
0.00020688,1,2.3098
0.00020728,1,2.5513
0.00020768,1,2.3126
0.00020808,1,2.6354
0.00020848,1,2.3033
0.00020888,1,2.3077
0.00020928,1,2.337
0.00020968,1,2.2878
0.00021008,1,2.333
0.00021048,1,2.3719
0.00021088,1,2.2775
0.00021128,1,2.5181
0.00021168,1,2.172
0.00021208,1,2.3843
0.00021248,1,2.436
0.00021289,1,2.1396
0.00021329,1,2.3795
0.00021369,1,2.2572
0.00021409,1,2.3974
0.00021449,1,2.3366
0.00021489,1,2.386
0.00021529,1,2.3121
0.00021569,1,2.2735
0.00021609,1,2.5581
0.00021649,1,2.3938
0.00021689,1,2.0643
0.00021729,1,2.3119
0.00021769,1,2.3332
0.00021809,1,2.2005
0.00021849,1,2.3408
0.00021889,1,2.2748
0.00021929,1,2.4754
0.00021969,1,2.3669
0.00022009,1,2.3637
0.00022049,1,2.3264
0.00022089,1,2.3015
0.00022129,1,2.3312
0.00022169,1,2.1512
0.00022209,1,2.3132
0.00022249,1,2.4285
0.00022289,1,2.2213
0.00022329,1,2.4746
0.00022369,1,2.3992
0.00022409,1,2.3226
0.00022449,1,2.3717
0.00022489,1,2.3803
0.00022529,1,2.4859
0.00022569,1,2.2396
0.00022609,1,2.2968
0.00022649,1,2.3442
0.00022689,1,2.2814
0.00022729,1,2.3836
0.00022769,1,2.362
0.00022809,1,2.5834
0.00022849,1,2.3457
0.00022889,1,2.339
0.00022929,1,2.3764
0.00022969,1,2.4216
0.00023009,1,2.4656
0.00023049,1,2.2633
0.00023089,1,2.4265
0.00023129,1,2.3725
0.00023169,1,2.2578
0.00023209,1,2.4459
0.00023249,1,2.3887
0.00023289,1,2.5418
0.00023329,1,2.4436
0.00023369,1,2.2662
0.00023409,1,2.3945
0.00023449,1,2.3222
0.00023489,1,2.2406
0.00023529,1,2.4167
0.00023569,1,2.3427
0.00023609,1,2.4876
0.00023649,1,2.2242
0.00023689,1,2.2312
0.00023729,1,2.3619
0.0002377,1,2.3106
0.0002381,1,2.2226
0.0002385,1,2.4564
0.0002389,1,2.3375
0.0002393,1,2.3412
0.0002397,1,2.1807
0.0002401,1,2.2731
0.0002405,1,2.3419
0.0002409,1,2.5468
0.0002413,1,2.1863
0.0002417,1,2.2325
0.0002421,1,2.3067
0.0002425,1,2.3104
0.0002429,1,2.3355
0.0002433,1,2.1598
0.0002437,1,2.5243
0.0002441,1,2.2246
0.0002445,1,2.477
0.0002449,1,2.3221
0.0002453,1,2.5474
0.0002457,1,2.1599
0.0002461,1,2.2531
0.0002465,1,2.2349
0.0002469,1,2.3205
0.0002473,1,2.3446
0.0002477,1,2.4862
0.0002481,1,2.3786
0.0002485,1,2.3591
0.0002489,1,2.3755
0.0002493,1,2.2019
0.0002497,1,2.3719
0.0002501,1,2.5595
0.0002505,1,2.448
0.0002509,1,2.7004
0.0002513,1,2.4924
0.0002517,1,2.3272
0.0002521,1,2.3263
0.0002525,1,2.6459
0.0002529,1,2.5679
0.0002533,1,2.3037
0.0002537,1,2.2039
0.0002541,1,2.3671
0.0002545,1,2.6354
0.0002549,1,2.4728
0.0002553,1,2.4571
0.0002557,1,2.5533
0.0002561,1,2.4216
0.0002565,1,2.6838
0.0002569,1,2.5286
0.0002573,1,2.5869
0.0002577,1,2.5038
0.0002581,1,2.6513
0.0002585,1,2.7239
0.0002589,1,2.6119
0.0002593,1,2.4745
0.0002597,1,2.5463
0.0002601,1,2.6915
0.0002605,1,2.647
0.0002609,1,2.8234
0.0002613,1,2.5796
0.0002617,1,2.7996
0.0002621,1,2.7657
0.00026251,1,2.8455
0.00026291,1,2.6045
0.00026331,1,2.6954
0.00026371,1,2.8963
0.00026411,1,2.7306
0.00026451,1,2.9651
0.00026491,1,2.8552
0.00026531,1,2.9567
0.00026571,1,3.0432
0.00026611,1,2.9366
0.00026651,1,2.8085
0.00026691,1,2.8253
0.00026731,1,3.0483
0.00026771,1,3.0015
0.00026811,1,2.9034
0.00026851,1,3.0061
0.00026891,1,2.8738
0.00026931,1,3.0822
0.00026971,1,2.8796
0.00027011,1,2.8894
0.00027051,1,3.2983
0.00027091,1,3.1819
0.00027131,1,3.2944
0.00027171,1,3.0853
0.00027211,1,3.1058
0.00027251,1,3.2555
0.00027291,1,3.0899
0.00027331,1,3.0148
0.00027371,1,3.0407
0.00027411,1,3.1598
0.00027451,1,3.2812
0.00027491,1,3.1632
0.00027531,1,3.1785
0.00027571,1,3.2766
0.00027611,1,3.0262
0.00027651,1,3.3255
0.00027691,1,3.3961
0.00027731,1,3.2741
0.00027771,1,3.2037
0.00027811,1,3.4894
0.00027851,1,3.4208
0.00027891,1,3.3479
0.00027931,1,3.2831
0.00027971,1,3.3039
0.00028011,1,3.2163
0.00028051,1,3.3037
0.00028091,1,3.1631
0.00028131,1,3.2337
0.00028171,1,3.1649
0.00028211,1,3.3096
0.00028251,1,3.3193
0.00028291,1,3.4844
0.00028331,1,3.2837
0.00028371,1,3.1253
0.00028411,1,3.3785
0.00028451,1,3.376
0.00028491,1,3.4126
0.00028531,1,3.164
0.00028571,1,3.1743
0.00028611,1,3.4191
0.00028651,1,3.4066
0.00028691,1,3.4784
0.00028731,1,3.1348
0.00028772,1,3.392
0.00028812,1,3.1489
0.00028852,1,3.3041
0.00028892,1,3.2902
0.00028932,1,3.2847
0.00028972,1,3.4665
0.00029012,1,3.3662
0.00029052,1,3.3169
0.00029092,1,3.3488
0.00029132,1,3.2159
0.00029172,1,3.0323
0.00029212,1,3.203
0.00029252,1,3.1445
0.00029292,1,3.3706
0.00029332,1,3.202
0.00029372,1,3.0968
0.00029412,1,3.0723
0.00029452,1,3.2662
0.00029492,1,3.1872
0.00029532,1,3.2718
0.00029572,1,3.124
0.00029612,1,3.2543
0.00029652,1,3.3059
0.00029692,1,3.141
0.00029732,1,3.372
0.00029772,1,3.0186
0.00029812,1,3.3389
0.00029852,1,3.2787
0.00029892,1,3.1962
0.00029932,1,3.2774
0.00029972,1,3.1174
0.00030012,1,2.9611
0.00030052,1,3.1814
0.00030092,1,3.0049
0.00030132,1,3.0442
0.00030172,1,3.1297
0.00030212,1,3.099
0.00030252,1,3.1407
0.00030292,1,3.1991
0.00030332,1,3.231
0.00030372,1,3.0384
0.00030412,1,2.9554
0.00030452,1,3.1179
0.00030492,1,3.0504
0.00030532,1,2.9466
0.00030572,1,3.0677
0.00030612,1,2.9312
0.00030652,1,2.9677
0.00030692,1,3.0452
0.00030732,1,3.2142
0.00030772,1,2.9343
0.00030812,1,3.2743
0.00030852,1,2.8308
0.00030892,1,3.0709
0.00030932,1,2.7037
0.00030972,1,3.1684
0.00031012,1,3.0802
0.00031052,1,3.1256
0.00031092,1,2.8845
0.00031132,1,3.0333
0.00031172,1,2.9483
0.00031212,1,2.8438
0.00031253,1,3.0122
0.00031293,1,2.8546
0.00031333,1,2.8268
0.00031373,1,2.8665
0.00031413,1,2.8989
0.00031453,1,2.7314
0.00031493,1,2.7553
0.00031533,1,2.9689
0.00031573,1,2.7384
0.00031613,1,2.7938
0.00031653,1,2.7785
0.00031693,1,2.9642
0.00031733,1,2.8872
0.00031773,1,2.7648
0.00031813,1,2.7693
0.00031853,1,2.7039
0.00031893,1,2.7748
0.00031933,1,2.7602
0.00031973,1,2.9235
0.00032013,1,2.7099
0.00032053,1,2.6575
0.00032093,1,2.7082
0.00032133,1,2.5198
0.00032173,1,2.7973
0.00032213,1,2.8853
0.00032253,1,2.6832
0.00032293,1,2.5389
0.00032333,1,2.7272
0.00032373,1,2.8237
0.00032413,1,2.6372
0.00032453,1,2.698
0.00032493,1,2.5881
0.00032533,1,2.6416
0.00032573,1,2.7312
0.00032613,1,2.6869
0.00032653,1,2.6751
0.00032693,1,2.7113
0.00032733,1,2.6387
0.00032773,1,2.7042
0.00032813,1,2.6199
0.00032853,1,2.6954
0.00032893,1,2.5492
0.00032933,1,2.8884
0.00032973,1,2.5304
0.00033013,1,2.7615
0.00033053,1,2.5695
0.00033093,1,2.4655
0.00033133,1,2.5318
0.00033173,1,2.5988
0.00033213,1,2.6112
0.00033253,1,2.5167
0.00033293,1,2.4748
0.00033333,1,2.798
0.00033373,1,2.6235
0.00033413,1,2.6624
0.00033453,1,2.4419
0.00033493,1,2.4989
0.00033533,1,2.4882
0.00033573,1,2.7022
0.00033613,1,2.5094
0.00033653,1,2.7378
0.00033693,1,2.4575
0.00033733,1,2.5863
0.00033774,1,2.6305
0.00033814,1,2.7597
0.00033854,1,2.4543
0.00033894,1,2.5567
0.00033934,1,2.4657
0.00033974,1,2.5543
0.00034014,1,2.4419
0.00034054,1,2.5402
0.00034094,1,2.4245
0.00034134,1,2.4654
0.00034174,1,2.5536
0.00034214,1,2.4318
0.00034254,1,2.3728
0.00034294,1,2.5421
0.00034334,1,2.5073
0.00034374,1,2.2328
0.00034414,1,2.5601
0.00034454,1,2.5237
0.00034494,1,2.5608
0.00034534,1,2.4876
0.00034574,1,2.4065
0.00034614,1,2.4165
0.00034654,1,2.4915
0.00034694,1,2.3699
0.00034734,1,2.5511
0.00034774,1,2.5519
0.00034814,1,2.4623
0.00034854,1,2.4991
0.00034894,1,2.5772
0.00034934,1,2.3707
0.00034974,1,2.4103
0.00035014,1,2.439
0.00035054,1,2.3503
0.00035094,1,2.3614
0.00035134,1,2.625
0.00035174,1,2.6316
0.00035214,1,2.4899
0.00035254,1,2.3407
0.00035294,1,2.296
0.00035334,1,2.5996
0.00035374,1,2.607
0.00035414,1,2.4835
0.00035454,1,2.6834
0.00035494,1,2.504
0.00035534,1,2.5694
0.00035574,1,2.5297
0.00035614,1,2.3631
0.00035654,1,2.3453
0.00035694,1,2.4099
0.00035734,1,2.4289
0.00035774,1,2.3279
0.00035814,1,2.4521
0.00035854,1,2.3403
0.00035894,1,2.4666
0.00035934,1,2.4344
0.00035974,1,2.5226
0.00036014,1,2.3071
0.00036054,1,2.3302
0.00036094,1,2.4855
0.00036134,1,2.4968
0.00036174,1,2.2106
0.00036214,1,2.4469
0.00036255,1,2.5073
0.00036295,1,2.6142
0.00036335,1,2.5268
0.00036375,1,2.6342
0.00036415,1,2.5153
0.00036455,1,2.5227
0.00036495,1,2.6169
0.00036535,1,2.6146
0.00036575,1,2.5721
0.00036615,1,2.6622
0.00036655,1,2.7609
0.00036695,1,2.6703
0.00036735,1,2.5831
0.00036775,1,2.5108
0.00036815,1,2.5056
0.00036855,1,2.6801
0.00036895,1,2.6281
0.00036935,1,2.7532
0.00036975,1,2.67
0.00037015,1,2.636
0.00037055,1,2.5593
0.00037095,1,2.7838
0.00037135,1,2.9089
0.00037175,1,2.8779
0.00037215,1,2.6534
0.00037255,1,2.6685
0.00037295,1,2.6053
0.00037335,1,2.7141
0.00037375,1,2.5764
0.00037415,1,2.6114
0.00037455,1,2.8208
0.00037495,1,2.8586
0.00037535,1,2.7657
0.00037575,1,2.8198
0.00037615,1,2.9053
0.00037655,1,2.7908
0.00037695,1,2.8179
0.00037735,1,2.9128
0.00037775,1,2.8789
0.00037815,1,2.8393
0.00037855,1,2.8152
0.00037895,1,2.7866
0.00037935,1,2.6565
0.00037975,1,2.9075
0.00038015,1,2.9456
0.00038055,1,2.8903
0.00038095,1,2.8723
0.00038135,1,2.7916
0.00038175,1,2.7883
0.00038215,1,2.8994
0.00038255,1,2.7499
0.00038295,1,2.7963
0.00038335,1,3.0114
0.00038375,1,2.9593
0.00038415,1,2.959
0.00038455,1,2.9016
0.00038495,1,2.7977
0.00038535,1,2.7304
0.00038575,1,2.8263
0.00038615,1,2.733
0.00038655,1,2.9613
0.00038695,1,2.7993
0.00038735,1,3.015
0.00038776,1,2.7981
0.00038816,1,2.9403
0.00038856,1,2.8729
0.00038896,1,3.0231
0.00038936,1,3.0479
0.00038976,1,2.8805
0.00039016,1,2.9481
0.00039056,1,3.0917
0.00039096,1,2.9328
0.00039136,1,3.0602
0.00039176,1,3.0101
0.00039216,1,2.8248
0.00039256,1,2.9518
0.00039296,1,2.9004
0.00039336,1,3.0844
0.00039376,1,2.9534
0.00039416,1,3.1141
0.00039456,1,2.9229
0.00039496,1,3.0285
0.00039536,1,2.9915
0.00039576,1,2.8099
0.00039616,1,3.0332
0.00039656,1,2.8512
0.00039696,1,3.0738
0.00039736,1,3.0213
0.00039776,1,3.1843
0.00039816,1,2.8535
0.00039856,1,2.9919
0.00039896,1,2.8775
0.00039936,1,3.1543
0.00039976,1,2.9863
0.00040016,1,2.95
0.00040056,1,3.0295
0.00040096,1,2.9679
0.00040136,1,3.145
0.00040176,1,2.9564
0.00040216,1,3.0093
0.00040256,1,3.0504
0.00040296,1,3.0383
0.00040336,1,2.9501
0.00040376,1,3.0175
0.00040416,1,3.0569
0.00040456,1,2.8936
0.00040496,1,2.9175
0.00040536,1,3.0116
0.00040576,1,3.1045
0.00040616,1,2.9952
0.00040656,1,3.1768
0.00040696,1,3.2333
0.00040736,1,2.8966
0.00040776,1,3.2043
0.00040816,1,2.8971
0.00040856,1,2.9929
0.00040896,1,2.8613
0.00040936,1,3.1397
0.00040976,1,3.097
0.00041016,1,3.1512
0.00041056,1,3.0105
0.00041096,1,2.8691
0.00041136,1,2.9093
0.00041176,1,3.0011
0.00041216,1,2.9737
0.00041257,1,3.1727
0.00041297,1,3.0296
0.00041337,1,2.9172
0.00041377,1,3.0098
0.00041417,1,2.8649
0.00041457,1,2.885
0.00041497,1,2.9608
0.00041537,1,3.0334
0.00041577,1,2.9948
0.00041617,1,3.1037
0.00041657,1,3.1011
0.00041697,1,2.8947
0.00041737,1,3.0173
0.00041777,1,2.9267
0.00041817,1,3.0718
0.00041857,1,2.7997
0.00041897,1,2.971
0.00041937,1,2.8631
0.00041977,1,3.0914
0.00042017,1,3.0951
0.00042057,1,2.8655
0.00042097,1,3.0052
0.00042137,1,3.0175
0.00042177,1,2.9163
0.00042217,1,2.959
0.00042257,1,2.8527
0.00042297,1,2.9536
0.00042337,1,3.0921
0.00042377,1,2.8455
0.00042417,1,3.1303
0.00042457,1,2.9021
0.00042497,1,3.05
0.00042537,1,2.7988
0.00042577,1,2.8981
0.00042617,1,2.9194
0.00042657,1,2.9191
0.00042697,1,2.7155
0.00042737,1,2.9344
0.00042777,1,3.1238
0.00042817,1,2.9919
0.00042857,1,3.0817
0.00042897,1,2.8952
0.00042937,1,2.8178
0.00042977,1,2.8593
0.00043017,1,2.8093
0.00043057,1,2.8345
0.00043097,1,2.6769
0.00043137,1,2.9584
0.00043177,1,3.106
0.00043217,1,2.8538
0.00043257,1,2.849
0.00043297,1,2.9593
0.00043337,1,2.8525
0.00043377,1,2.8788
0.00043417,1,2.7467
0.00043457,1,2.8091
0.00043497,1,2.7637
0.00043537,1,2.6905
0.00043577,1,2.9788
0.00043617,1,2.9188
0.00043657,1,2.601
0.00043697,1,2.7979
0.00043737,1,2.6874
0.00043778,1,2.7992
0.00043818,1,2.7997
0.00043858,1,2.9605
0.00043898,1,2.7036
0.00043938,1,2.8244
0.00043978,1,2.8636
0.00044018,1,2.7898
0.00044058,1,2.7131
0.00044098,1,2.8071
0.00044138,1,2.8779
0.00044178,1,2.6614
0.00044218,1,2.7727
0.00044258,1,2.8711
0.00044298,1,2.5987
0.00044338,1,2.7057
0.00044378,1,2.7797
0.00044418,1,2.7477
0.00044458,1,2.6644
0.00044498,1,2.6274
0.00044538,1,2.6634
0.00044578,1,2.8806
0.00044618,1,2.6914
0.00044658,1,2.5544
0.00044698,1,2.7142
0.00044738,1,2.8473
0.00044778,1,2.7562
0.00044818,1,2.7124
0.00044858,1,2.6483
0.00044898,1,2.5898
0.00044938,1,2.8353
0.00044978,1,2.6441
0.00045018,1,2.6087
0.00045058,1,2.6845
0.00045098,1,2.6443
0.00045138,1,2.5784
0.00045178,1,2.7586
0.00045218,1,2.6727
0.00045258,1,2.7405
0.00045298,1,2.5243
0.00045338,1,2.6585
0.00045378,1,2.7411
0.00045418,1,2.5844
0.00045458,1,2.7791
0.00045498,1,2.5737
0.00045538,1,2.5566
0.00045578,1,2.5665
0.00045618,1,2.5777
0.00045658,1,2.6243
0.00045698,1,2.5832
0.00045738,1,2.8903
0.00045778,1,2.5435
0.00045818,1,2.6529
0.00045858,1,2.6926
0.00045898,1,2.5047
0.00045938,1,2.4744
0.00045978,1,2.3355
0.00046018,1,2.5702
0.00046058,1,2.6648
0.00046098,1,2.7697
0.00046138,1,2.5501
0.00046178,1,2.616
0.00046218,1,2.5075
0.00046259,1,2.586
0.00046299,1,2.6625
0.00046339,1,2.5161
0.00046379,1,2.5157
0.00046419,1,2.4022
0.00046459,1,2.6
0.00046499,1,2.7371
0.00046539,1,2.4438
0.00046579,1,2.6975
0.00046619,1,2.7067
0.00046659,1,2.6169
0.00046699,1,2.6095
0.00046739,1,2.6338
0.00046779,1,2.5701
0.00046819,1,2.6514
0.00046859,1,2.8476
0.00046899,1,2.6244
0.00046939,1,2.6704
0.00046979,1,2.5986
0.00047019,1,2.7009
0.00047059,1,2.8779
0.00047099,1,2.7171
0.00047139,1,2.5179
0.00047179,1,2.6536
0.00047219,1,2.571
0.00047259,1,2.611
0.00047299,1,2.8238
0.00047339,1,2.5238
0.00047379,1,2.8041
0.00047419,1,2.6923
0.00047459,1,2.6161
0.00047499,1,2.6952
0.00047539,1,2.768
0.00047579,1,2.7468
0.00047619,1,2.6322
0.00047659,1,2.7039
0.00047699,1,2.7119
0.00047739,1,2.5827
0.00047779,1,2.5756
0.00047819,1,2.8188
0.00047859,1,2.6242
0.00047899,1,2.5984
0.00047939,1,2.6908
0.00047979,1,2.6483
0.00048019,1,2.7486
0.00048059,1,2.8141
0.00048099,1,2.9354
0.00048139,1,2.656
0.00048179,1,2.714
0.00048219,1,2.7378
0.00048259,1,2.8963
0.00048299,1,2.6471
0.00048339,1,2.6116
0.00048379,1,2.6927
0.00048419,1,2.7542
0.00048459,1,2.7683
0.00048499,1,2.6785
0.00048539,1,2.8063
0.00048579,1,2.671
0.00048619,1,2.527
0.00048659,1,2.6437
0.00048699,1,2.7607
0.00048739,1,2.6595
0.0004878,1,2.6632
0.0004882,1,2.7305
0.0004886,1,2.6166
0.000489,1,2.6752
0.0004894,1,2.7241
0.0004898,1,3.0549
0.0004902,1,2.8034
0.0004906,1,2.7465
0.000491,1,2.664
0.0004914,1,2.8811
0.0004918,1,2.7469
0.0004922,1,2.7124
0.0004926,1,2.7232
0.000493,1,2.7849
0.0004934,1,2.9058
0.0004938,1,2.956
0.0004942,1,2.8304
0.0004946,1,3.0047
0.000495,1,2.6581
0.0004954,1,2.7281
0.0004958,1,2.9057
0.0004962,1,2.8834
0.0004966,1,2.8464
0.000497,1,2.7397
0.0004974,1,2.8268
0.0004978,1,2.853
0.0004982,1,2.9966
0.0004986,1,3.0211
0.000499,1,2.7761
0.0004994,1,2.7932
0.0004998,1,2.8297
0.0005002,1,2.8258
0.0005006,1,2.5526
0.000501,1,2.7
0.0005014,1,2.7822
0.0005018,1,2.6289
0.0005022,1,2.8705
0.0005026,1,2.8015
0.000503,1,2.8604
0.0005034,1,2.8023
0.0005038,1,2.9624
0.0005042,1,2.8742
0.0005046,1,2.8969
0.000505,1,2.6728
0.0005054,1,2.8559
0.0005058,1,2.8138
0.0005062,1,2.879
0.0005066,1,2.7559
0.000507,1,2.6895
0.0005074,1,2.883
0.0005078,1,2.845
0.0005082,1,2.9147
0.0005086,1,3.092
0.000509,1,2.8341
0.0005094,1,2.8306
0.0005098,1,2.9611
0.0005102,1,2.9604
0.0005106,1,2.9639
0.000511,1,2.8812
0.0005114,1,2.899
0.0005118,1,3.2085
0.0005122,1,2.7962
0.00051261,1,2.7762
0.00051301,1,3.015
0.00051341,1,2.8641
0.00051381,1,2.8907
0.00051421,1,2.9262
0.00051461,1,2.8947
0.00051501,1,2.8614
0.00051541,1,2.754
0.00051581,1,2.6562
0.00051621,1,2.8117
0.00051661,1,2.8224
0.00051701,1,2.9179
0.00051741,1,2.8823
0.00051781,1,2.8885
0.00051821,1,3.051
0.00051861,1,3.1306
0.00051901,1,2.9984
0.00051941,1,2.7246
0.00051981,1,3.0235
0.00052021,1,2.8832
0.00052061,1,2.7933
0.00052101,1,2.9633
0.00052141,1,2.9708
0.00052181,1,2.9611
0.00052221,1,2.7725
0.00052261,1,3.0341
0.00052301,1,2.922
0.00052341,1,2.8355
0.00052381,1,3.0129
0.00052421,1,2.8226
0.00052461,1,2.9665
0.00052501,1,2.9809
0.00052541,1,2.7165
0.00052581,1,2.7046
0.00052621,1,2.8426
0.00052661,1,3.0065
0.00052701,1,3.0875
0.00052741,1,2.9276
0.00052781,1,2.932
0.00052821,1,2.9374
0.00052861,1,2.8964
0.00052901,1,2.8997
0.00052941,1,2.8886
0.00052981,1,3.0907
0.00053021,1,2.7623
0.00053061,1,2.9789
0.00053101,1,2.9527
0.00053141,1,2.9698
0.00053181,1,2.867
0.00053221,1,2.9341
0.00053261,1,3.0304
0.00053301,1,2.925
0.00053341,1,2.8317
0.00053381,1,2.7003
0.00053421,1,2.9686
0.00053461,1,3.0497
0.00053501,1,2.9208
0.00053541,1,2.8932
0.00053581,1,2.9935
0.00053621,1,3.0675
0.00053661,1,2.9332
0.00053701,1,2.6886
0.00053741,1,2.9829
0.00053782,1,2.9445
0.00053822,1,2.8938
0.00053862,1,2.8408
0.00053902,1,2.8901
0.00053942,1,2.9761
0.00053982,1,2.839
0.00054022,1,3.0142
0.00054062,1,2.9985
0.00054102,1,2.8866
0.00054142,1,2.9152
0.00054182,1,2.9017
0.00054222,1,2.9297
0.00054262,1,2.7439
0.00054302,1,2.8312
0.00054342,1,2.9463
0.00054382,1,2.7215
0.00054422,1,2.8244
0.00054462,1,2.9637
0.00054502,1,2.8703
0.00054542,1,2.8433
0.00054582,1,2.9657
0.00054622,1,2.6648
0.00054662,1,2.9549
0.00054702,1,2.7467
0.00054742,1,2.9378
0.00054782,1,2.8192
0.00054822,1,2.9012
0.00054862,1,2.8095
0.00054902,1,2.9662
0.00054942,1,2.7801
0.00054982,1,2.7164
0.00055022,1,2.8456
0.00055062,1,2.7738
0.00055102,1,2.6957
0.00055142,1,2.7106
0.00055182,1,2.7406
0.00055222,1,2.7699
0.00055262,1,2.8296
0.00055302,1,2.8237
0.00055342,1,2.7935
0.00055382,1,2.5977
0.00055422,1,2.8679
0.00055462,1,2.7394
0.00055502,1,2.7639
0.00055542,1,2.6438
0.00055582,1,2.8823
0.00055622,1,2.7956
0.00055662,1,2.8463
0.00055702,1,2.6873
0.00055742,1,2.7071
0.00055782,1,2.7763
0.00055822,1,2.7464
0.00055862,1,2.5883
0.00055902,1,2.6816
0.00055942,1,2.669
0.00055982,1,3.0059
0.00056022,1,2.7258
0.00056062,1,2.6439
0.00056102,1,2.7298
0.00056142,1,2.861
0.00056182,1,2.666
0.00056222,1,2.6417
0.00056263,1,2.8024
0.00056303,1,2.6498
0.00056343,1,2.7562
0.00056383,1,2.8555
0.00056423,1,2.7023
0.00056463,1,2.8644
0.00056503,1,2.7003
0.00056543,1,2.5891
0.00056583,1,2.6944
0.00056623,1,2.788
0.00056663,1,2.549
0.00056703,1,2.6582
0.00056743,1,2.7176
0.00056783,1,2.7241
0.00056823,1,2.705
0.00056863,1,2.713
0.00056903,1,2.5745
0.00056943,1,2.5336
0.00056983,1,2.7568
0.00057023,1,2.8932
0.00057063,1,2.7283
0.00057103,1,2.7607
0.00057143,1,2.6265
0.00057183,1,2.5867
0.00057223,1,2.6684
0.00057263,1,2.6743
0.00057303,1,2.5601
0.00057343,1,2.6185
0.00057383,1,2.7446
0.00057423,1,2.6647
0.00057463,1,2.649
0.00057503,1,2.7595
0.00057543,1,2.686
0.00057583,1,2.7138
0.00057623,1,2.6237
0.00057663,1,2.4697
0.00057703,1,2.5264
0.00057743,1,2.7793
0.00057783,1,2.8031
0.00057823,1,2.7773
0.00057863,1,2.5444
0.00057903,1,2.5042
0.00057943,1,2.9388
0.00057983,1,2.6605
0.00058023,1,3.031
0.00058063,1,2.7642
0.00058103,1,2.9192
0.00058143,1,2.6857
0.00058183,1,2.7327
0.00058223,1,2.7157
0.00058263,1,2.6856
0.00058303,1,2.8282
0.00058343,1,2.6892
0.00058383,1,2.6808
0.00058423,1,2.7871
0.00058463,1,2.686
0.00058503,1,2.5007
0.00058543,1,2.6056
0.00058583,1,2.7263
0.00058623,1,2.5954
0.00058663,1,2.7604
0.00058703,1,2.5678
0.00058743,1,2.8334
0.00058784,1,2.754
0.00058824,1,2.7963
0.00058864,1,2.6212
0.00058904,1,2.6809
0.00058944,1,2.7889
0.00058984,1,2.7479
0.00059024,1,2.6692
0.00059064,1,2.8031
0.00059104,1,2.7735
0.00059144,1,2.7474
0.00059184,1,2.5691
0.00059224,1,2.7505
0.00059264,1,2.8309
0.00059304,1,2.7986
0.00059344,1,2.6528
0.00059384,1,2.7829
0.00059424,1,2.8947
0.00059464,1,2.6606
0.00059504,1,2.6164
0.00059544,1,2.7085
0.00059584,1,2.6825
0.00059624,1,2.6559
0.00059664,1,2.6861
0.00059704,1,2.7479
0.00059744,1,2.7132
0.00059784,1,2.7912
0.00059824,1,2.7138
0.00059864,1,2.9766
0.00059904,1,2.7315
0.00059944,1,2.8227
0.00059984,1,2.6174
0.00060024,1,2.6596
0.00060064,1,2.8138
0.00060104,1,2.816
0.00060144,1,2.7647
0.00060184,1,2.8943
0.00060224,1,2.7707
0.00060264,1,2.7219
0.00060304,1,2.8053
0.00060344,1,2.6992
0.00060384,1,2.6666
0.00060424,1,2.7934
0.00060464,1,2.8081
0.00060504,1,2.696
0.00060544,1,2.7308
0.00060584,1,2.7778
0.00060624,1,2.935
0.00060664,1,2.9031
0.00060704,1,2.7907
0.00060744,1,2.6494
0.00060784,1,2.7826
0.00060824,1,2.7156
0.00060864,1,2.8038
0.00060904,1,2.8616
0.00060944,1,2.7794
0.00060984,1,2.7706
0.00061024,1,2.6711
0.00061064,1,2.8641
0.00061104,1,2.847
0.00061144,1,2.7577
0.00061184,1,2.6581
0.00061224,1,2.8823
0.00061265,1,2.7019
0.00061305,1,2.6916
0.00061345,1,2.8782
0.00061385,1,2.8571
0.00061425,1,2.7959
0.00061465,1,2.7498
0.00061505,1,2.7976
0.00061545,1,2.8669
0.00061585,1,2.8051
0.00061625,1,2.91
0.00061665,1,2.7667
0.00061705,1,2.759
0.00061745,1,2.5107
0.00061785,1,2.8863
0.00061825,1,2.9839
0.00061865,1,2.7403
0.00061905,1,2.8975
0.00061945,1,2.9014
0.00061985,1,2.8513
0.00062025,1,2.6475
0.00062065,1,2.9215
0.00062105,1,2.9728
0.00062145,1,2.8022
0.00062185,1,2.7181
0.00062225,1,2.9936
0.00062265,1,2.9597
0.00062305,1,2.883
0.00062345,1,2.7687
0.00062385,1,2.8718
0.00062425,1,2.8622
0.00062465,1,2.7113
0.00062505,1,2.7415
0.00062545,1,2.51
0.00062585,1,2.8322
0.00062625,1,2.9288
0.00062665,1,2.8814
0.00062705,1,2.7593
0.00062745,1,2.7703
0.00062785,1,2.986
0.00062825,1,2.9596
0.00062865,1,2.9922
0.00062905,1,2.7869
0.00062945,1,2.8939
0.00062985,1,2.9459
0.00063025,1,2.9148
0.00063065,1,2.7236
0.00063105,1,2.8493
0.00063145,1,3.2031
0.00063185,1,2.9011
0.00063225,1,2.8377
0.00063265,1,3.0992
0.00063305,1,2.7887
0.00063345,1,2.7825
0.00063385,1,2.8522
0.00063425,1,2.9283
0.00063465,1,2.7173
0.00063505,1,2.7479
0.00063545,1,2.8749
0.00063585,1,2.9282
0.00063625,1,2.7282
0.00063665,1,2.956
0.00063705,1,2.9478
0.00063745,1,2.6875
0.00063786,1,2.8067
0.00063826,1,2.7052
0.00063866,1,2.8913
0.00063906,1,2.866
0.00063946,1,2.9216
0.00063986,1,2.8743
0.00064026,1,2.8478
0.00064066,1,2.94
0.00064106,1,2.8999
0.00064146,1,2.9264
0.00064186,1,2.8898
0.00064226,1,2.9963
0.00064266,1,2.815
0.00064306,1,2.9589
0.00064346,1,2.9374
0.00064386,1,2.758
0.00064426,1,2.8217
0.00064466,1,2.9272
0.00064506,1,2.9338
0.00064546,1,2.8546
0.00064586,1,2.9056
0.00064626,1,2.8022
0.00064666,1,3.0349
0.00064706,1,2.798
0.00064746,1,3.0598
0.00064786,1,2.9868
0.00064826,1,2.8703
0.00064866,1,2.9425
0.00064906,1,2.7517
0.00064946,1,2.8041
0.00064986,1,2.7342
0.00065026,1,2.9237
0.00065066,1,2.9131
0.00065106,1,2.8029
0.00065146,1,2.8185
0.00065186,1,2.9113
0.00065226,1,2.7488
0.00065266,1,2.8278
0.00065306,1,2.79
0.00065346,1,2.829
0.00065386,1,2.8355
0.00065426,1,2.7722
0.00065466,1,2.7931
0.00065506,1,2.7881
0.00065546,1,2.8149
0.00065586,1,2.8088
0.00065626,1,2.8068
0.00065666,1,2.7722
0.00065706,1,2.6756
0.00065746,1,2.8466
0.00065786,1,2.919
0.00065826,1,2.7163
0.00065866,1,2.8651
0.00065906,1,2.8472
0.00065946,1,2.7765
0.00065986,1,2.6649
0.00066026,1,2.9098
0.00066066,1,2.7435
0.00066106,1,2.713
0.00066146,1,2.8749
0.00066186,1,2.823
0.00066226,1,2.7191
0.00066267,1,2.8518
0.00066307,1,2.6354
0.00066347,1,2.8993
0.00066387,1,2.8496
0.00066427,1,2.8077
0.00066467,1,2.7401
0.00066507,1,2.8394
0.00066547,1,2.9012
0.00066587,1,2.7231
0.00066627,1,2.9143
0.00066667,1,2.7472
0.00066707,1,2.8579
0.00066747,1,2.8879
0.00066787,1,2.7358
0.00066827,1,2.8142
0.00066867,1,2.8042
0.00066907,1,2.8266
0.00066947,1,2.7286
0.00066987,1,2.9256
0.00067027,1,2.715
0.00067067,1,2.7702
0.00067107,1,2.8301
0.00067147,1,2.7349
0.00067187,1,2.8845
0.00067227,1,2.945
0.00067267,1,2.8679
0.00067307,1,2.8066
0.00067347,1,2.9038
0.00067387,1,2.8835
0.00067427,1,2.7921
0.00067467,1,2.8089
0.00067507,1,2.9669
0.00067547,1,2.6002
0.00067587,1,2.6502
0.00067627,1,2.7415
0.00067667,1,2.7799
0.00067707,1,2.8578
0.00067747,1,2.9018
0.00067787,1,2.8227
0.00067827,1,2.6741
0.00067867,1,2.7259
0.00067907,1,2.8907
0.00067947,1,2.6898
0.00067987,1,2.859
0.00068027,1,2.9066
0.00068067,1,2.6933
0.00068107,1,2.9171
0.00068147,1,2.8263
0.00068187,1,2.7609
0.00068227,1,2.9197
0.00068267,1,2.7414
0.00068307,1,2.6633
0.00068347,1,2.7224
0.00068387,1,2.8051
0.00068427,1,2.8132
0.00068467,1,2.662
0.00068507,1,2.6679
0.00068547,1,2.8246
0.00068587,1,2.7868
0.00068627,1,2.5641
0.00068667,1,2.8384
0.00068707,1,2.8153
0.00068747,1,2.5837
0.00068788,1,2.872
0.00068828,1,2.8491
0.00068868,1,2.6934
0.00068908,1,2.7623
0.00068948,1,2.8899
0.00068988,1,2.8536
0.00069028,1,2.8698
0.00069068,1,2.7022
0.00069108,1,2.7596
0.00069148,1,2.7646
0.00069188,1,2.8648
0.00069228,1,2.8791
0.00069268,1,2.8597
0.00069308,1,2.7243
0.00069348,1,2.7411
0.00069388,1,2.6027
0.00069428,1,2.7286
0.00069468,1,2.6627
0.00069508,1,2.8214
0.00069548,1,2.6707
0.00069588,1,2.7358
0.00069628,1,2.6294
0.00069668,1,2.5922
0.00069708,1,2.7918
0.00069748,1,2.6579
0.00069788,1,2.8053
0.00069828,1,2.629
0.00069868,1,2.6847
0.00069908,1,2.7522
0.00069948,1,2.7838
0.00069988,1,2.7612
0.00070028,1,2.5631
0.00070068,1,2.5044
0.00070108,1,2.8638
0.00070148,1,2.6325
0.00070188,1,2.6362
0.00070228,1,2.6342
0.00070268,1,2.6999
0.00070308,1,2.7974
0.00070348,1,2.7576
0.00070388,1,2.8309
0.00070428,1,2.7389
0.00070468,1,2.8893
0.00070508,1,2.8722
0.00070548,1,2.7436
0.00070588,1,2.6821
0.00070628,1,2.7156
0.00070668,1,2.7009
0.00070708,1,2.7804
0.00070748,1,2.8013
0.00070788,1,2.816
0.00070828,1,2.7804
0.00070868,1,2.9443
0.00070908,1,2.7712
0.00070948,1,2.8127
0.00070988,1,2.6632
0.00071028,1,2.9555
0.00071068,1,2.8011
0.00071108,1,2.7561
0.00071148,1,2.7356
0.00071188,1,2.7147
0.00071228,1,2.8936
0.00071269,1,2.6574
0.00071309,1,2.8417
0.00071349,1,2.654
0.00071389,1,2.5881
0.00071429,1,2.571
0.00071469,1,2.8634
0.00071509,1,2.8266
0.00071549,1,2.7685
0.00071589,1,2.81
0.00071629,1,2.7773
0.00071669,1,2.9422
0.00071709,1,2.7979
0.00071749,1,2.8295
0.00071789,1,2.6549
0.00071829,1,2.832
0.00071869,1,2.5892
0.00071909,1,2.8701
0.00071949,1,2.8361
0.00071989,1,2.707
0.00072029,1,2.8234
0.00072069,1,2.6225
0.00072109,1,2.9313
0.00072149,1,2.6128
0.00072189,1,2.8114
0.00072229,1,2.6212
0.00072269,1,2.8575
0.00072309,1,2.7246
0.00072349,1,2.8159
0.00072389,1,2.9706
0.00072429,1,2.8152
0.00072469,1,2.5739
0.00072509,1,2.6827
0.00072549,1,2.6851
0.00072589,1,2.6903
0.00072629,1,2.7979
0.00072669,1,2.927
0.00072709,1,2.905
0.00072749,1,2.7774
0.00072789,1,2.5713
0.00072829,1,2.7746
0.00072869,1,2.7372
0.00072909,1,2.9026
0.00072949,1,2.8274
0.00072989,1,2.7168
0.00073029,1,2.8411
0.00073069,1,2.7179
0.00073109,1,2.9338
0.00073149,1,2.8997
0.00073189,1,2.8558
0.00073229,1,2.823
0.00073269,1,2.8242
0.00073309,1,2.6031
0.00073349,1,2.7608
0.00073389,1,2.8779
0.00073429,1,2.7391
0.00073469,1,2.6562
0.00073509,1,2.8574
0.00073549,1,2.8239
0.00073589,1,2.6629
0.00073629,1,2.8871
0.00073669,1,2.7416
0.00073709,1,2.933
0.00073749,1,2.8556
0.0007379,1,2.834
0.0007383,1,2.7975
0.0007387,1,2.8752
0.0007391,1,2.7757
0.0007395,1,2.8857
0.0007399,1,2.7213
0.0007403,1,2.69
0.0007407,1,2.7751
0.0007411,1,2.7982
0.0007415,1,2.9136
0.0007419,1,2.9057
0.0007423,1,2.8267
0.0007427,1,2.651
0.0007431,1,2.861
0.0007435,1,2.8423
0.0007439,1,2.7172
0.0007443,1,2.8315
0.0007447,1,2.7895
0.0007451,1,2.8098
0.0007455,1,2.7308
0.0007459,1,2.8509
0.0007463,1,2.8874
0.0007467,1,2.7738
0.0007471,1,2.883
0.0007475,1,2.7617
0.0007479,1,2.8024
0.0007483,1,3.2599
0.0007487,1,3.0536
0.0007491,1,2.7906
0.0007495,1,2.9065
0.0007499,1,2.877
0.0007503,1,2.7329
0.0007507,1,2.8637
0.0007511,1,2.8597
0.0007515,1,2.764
0.0007519,1,2.8691
0.0007523,1,2.7531
0.0007527,1,3.1291
0.0007531,1,2.926
0.0007535,1,2.83
0.0007539,1,2.796
0.0007543,1,2.982
0.0007547,1,2.7483
0.0007551,1,2.9981
0.0007555,1,2.8337
0.0007559,1,2.9088
0.0007563,1,2.7846
0.0007567,1,2.7785
0.0007571,1,2.8381
0.0007575,1,2.7463
0.0007579,1,2.8377
0.0007583,1,2.8098
0.0007587,1,2.8915
0.0007591,1,2.9956
0.0007595,1,2.8171
0.0007599,1,2.9228
0.0007603,1,2.8348
0.0007607,1,2.7197
0.0007611,1,2.8384
0.0007615,1,2.698
0.0007619,1,2.9457
0.0007623,1,2.6735
0.00076271,1,2.8608
0.00076311,1,2.8151
0.00076351,1,2.8098
0.00076391,1,2.944
0.00076431,1,2.8774
0.00076471,1,2.9526
0.00076511,1,2.8435
0.00076551,1,2.7714
0.00076591,1,2.7046
0.00076631,1,2.8327
0.00076671,1,2.7212
0.00076711,1,2.8026
0.00076751,1,2.7411
0.00076791,1,2.8754
0.00076831,1,2.7457
0.00076871,1,2.9996
0.00076911,1,2.9551
0.00076951,1,2.8199
0.00076991,1,2.8086
0.00077031,1,2.845
0.00077071,1,2.8716
0.00077111,1,2.8916
0.00077151,1,2.7396
0.00077191,1,2.9081
0.00077231,1,2.7889
0.00077271,1,2.7521
0.00077311,1,2.8598
0.00077351,1,2.8472
0.00077391,1,2.8382
0.00077431,1,2.7787
0.00077471,1,2.9235
0.00077511,1,2.8002
0.00077551,1,2.709
0.00077591,1,2.6952
0.00077631,1,2.6232
0.00077671,1,2.8597
0.00077711,1,2.8819
0.00077751,1,2.6521
0.00077791,1,2.7241
0.00077831,1,2.9062
0.00077871,1,2.7797
0.00077911,1,2.7741
0.00077951,1,3.0054
0.00077991,1,2.908
0.00078031,1,2.7921
0.00078071,1,2.7619
0.00078111,1,2.6778
0.00078151,1,2.7707
0.00078191,1,2.8177
0.00078231,1,2.8494
0.00078271,1,2.7548
0.00078311,1,2.9872
0.00078351,1,2.7374
0.00078391,1,2.8126
0.00078431,1,2.7502
0.00078471,1,2.8874
0.00078511,1,2.8575
0.00078551,1,2.6164
0.00078591,1,2.9533
0.00078631,1,2.8944
0.00078671,1,2.8591
0.00078711,1,2.6438
0.00078752,1,2.8805
0.00078792,1,2.6852
0.00078832,1,2.6507
0.00078872,1,2.785
0.00078912,1,2.7278
0.00078952,1,2.9207
0.00078992,1,2.9023
0.00079032,1,2.788
0.00079072,1,2.9732
0.00079112,1,2.873
0.00079152,1,2.8092
0.00079192,1,2.73
0.00079232,1,2.8067
0.00079272,1,2.6246
0.00079312,1,2.8881
0.00079352,1,2.8947
0.00079392,1,2.7814
0.00079432,1,2.7992
0.00079472,1,2.7241
0.00079512,1,2.6351
0.00079552,1,2.8677
0.00079592,1,2.8733
0.00079632,1,2.8386
0.00079672,1,2.6595
0.00079712,1,2.8341
0.00079752,1,2.8111
0.00079792,1,2.6133
0.00079832,1,2.9631
0.00079872,1,3.0489
0.00079912,1,2.8598
0.00079952,1,2.8195
0.00079992,1,2.7892
0.00080032,1,2.671
0.00080072,1,2.8655
0.00080112,1,2.6589
0.00080152,1,2.7749
0.00080192,1,2.6785
0.00080232,1,2.6598
0.00080272,1,2.8183
0.00080312,1,2.7393
0.00080352,1,2.7449
0.00080392,1,2.7036
0.00080432,1,2.9684
0.00080472,1,2.8712
0.00080512,1,2.7155
0.00080552,1,2.9684
0.00080592,1,2.7545
0.00080632,1,2.7019
0.00080672,1,2.7534
0.00080712,1,2.8833
0.00080752,1,2.7832
0.00080792,1,2.8102
0.00080832,1,2.9203
0.00080872,1,2.7279
0.00080912,1,2.7114
0.00080952,1,2.9522
0.00080992,1,2.9067
0.00081032,1,2.6796
0.00081072,1,2.8521
0.00081112,1,2.8432
0.00081152,1,2.898
0.00081192,1,2.7497
0.00081232,1,2.7565
0.00081273,1,3.0578
0.00081313,1,2.9202
0.00081353,1,2.772
0.00081393,1,2.7438
0.00081433,1,2.7288
0.00081473,1,2.77
0.00081513,1,2.6499
0.00081553,1,2.6349
0.00081593,1,2.8363
0.00081633,1,2.6302
0.00081673,1,2.6499
0.00081713,1,2.8429
0.00081753,1,2.706
0.00081793,1,2.8581
0.00081833,1,2.8075
0.00081873,1,2.5801
0.00081913,1,2.8465
0.00081953,1,2.8612
0.00081993,1,2.8971
0.00082033,1,2.9416
0.00082073,1,2.7252
0.00082113,1,2.7628
0.00082153,1,2.6956
0.00082193,1,2.6752
0.00082233,1,2.795
0.00082273,1,2.6679
0.00082313,1,2.7468
0.00082353,1,2.7229
0.00082393,1,2.776
0.00082433,1,2.8532
0.00082473,1,2.4885
0.00082513,1,2.8423
0.00082553,1,2.8538
0.00082593,1,2.7314
0.00082633,1,2.9318
0.00082673,1,2.6201
0.00082713,1,2.7455
0.00082753,1,2.7147
0.00082793,1,2.8651
0.00082833,1,2.7187
0.00082873,1,2.5698
0.00082913,1,2.7069
0.00082953,1,2.8865
0.00082993,1,2.8675
0.00083033,1,2.8695
0.00083073,1,2.6912
0.00083113,1,2.8206
0.00083153,1,2.6962
0.00083193,1,2.8032
0.00083233,1,3.05
0.00083273,1,2.7185
0.00083313,1,2.9407
0.00083353,1,2.8806
0.00083393,1,2.6973
0.00083433,1,2.6304
0.00083473,1,2.9069
0.00083513,1,2.7126
0.00083553,1,2.8309
0.00083593,1,2.8598
0.00083633,1,2.7897
0.00083673,1,2.7769
0.00083713,1,2.806
0.00083754,1,2.7481
0.00083794,1,2.8315
0.00083834,1,2.9765
0.00083874,1,2.9447
0.00083914,1,2.8646
0.00083954,1,2.8068
0.00083994,1,2.8214
0.00084034,1,2.8408
0.00084074,1,2.7492
0.00084114,1,2.8124
0.00084154,1,2.6822
0.00084194,1,2.7469
0.00084234,1,2.7566
0.00084274,1,2.913
0.00084314,1,2.7182
0.00084354,1,2.7034
0.00084394,1,2.8936
0.00084434,1,2.7712
0.00084474,1,2.8791
0.00084514,1,2.811
0.00084554,1,2.8191
0.00084594,1,2.8899
0.00084634,1,2.7575
0.00084674,1,2.9132
0.00084714,1,2.7487
0.00084754,1,2.864
0.00084794,1,2.9354
0.00084834,1,2.9164
0.00084874,1,2.8001
0.00084914,1,2.7431
0.00084954,1,2.8149
0.00084994,1,2.8478
0.00085034,1,2.8169
0.00085074,1,2.909
0.00085114,1,2.9288
0.00085154,1,2.663
0.00085194,1,2.8364
0.00085234,1,2.6545
0.00085274,1,2.9212
0.00085314,1,2.6877
0.00085354,1,2.8943
0.00085394,1,3.0059
0.00085434,1,2.8948
0.00085474,1,2.7258
0.00085514,1,3.0088
0.00085554,1,2.9149
0.00085594,1,2.8104
0.00085634,1,2.7513
0.00085674,1,2.7524
0.00085714,1,2.8376
0.00085754,1,2.9721
0.00085794,1,2.8611
0.00085834,1,2.7574
0.00085874,1,2.7644
0.00085914,1,3.0506
0.00085954,1,2.6901
0.00085994,1,2.7423
0.00086034,1,2.9211
0.00086074,1,2.7956
0.00086114,1,2.9358
0.00086154,1,2.7119
0.00086194,1,2.7142
0.00086234,1,2.6745
0.00086275,1,2.6405
0.00086315,1,2.8216
0.00086355,1,2.7338
0.00086395,1,3.0395
0.00086435,1,2.6051
0.00086475,1,2.8771
0.00086515,1,2.8561
0.00086555,1,2.8933
0.00086595,1,2.8029
0.00086635,1,2.8254
0.00086675,1,2.7844
0.00086715,1,2.7613
0.00086755,1,2.852
0.00086795,1,2.7496
0.00086835,1,2.7908
0.00086875,1,2.8512
0.00086915,1,2.8993
0.00086955,1,2.804
0.00086995,1,2.746
0.00087035,1,2.862
0.00087075,1,2.8046
0.00087115,1,2.7657
0.00087155,1,2.7266
0.00087195,1,2.6946
0.00087235,1,2.7388
0.00087275,1,2.7514
0.00087315,1,2.7771
0.00087355,1,2.9415
0.00087395,1,2.7257
0.00087435,1,2.8412
0.00087475,1,2.8581
0.00087515,1,2.7675
0.00087555,1,2.6797
0.00087595,1,2.9669
0.00087635,1,2.9016
0.00087675,1,2.889
0.00087715,1,2.7557
0.00087755,1,2.9513
0.00087795,1,2.8555
0.00087835,1,2.7064
0.00087875,1,2.7343
0.00087915,1,2.9203
0.00087955,1,2.6165
0.00087995,1,2.7723
0.00088035,1,2.9269
0.00088075,1,2.766
0.00088115,1,2.6682
0.00088155,1,2.7705
0.00088195,1,2.8821
0.00088235,1,2.8595
0.00088275,1,2.7906
0.00088315,1,2.7786
0.00088355,1,3.0489
0.00088395,1,2.8886
0.00088435,1,2.7339
0.00088475,1,2.7995
0.00088515,1,2.8537
0.00088555,1,2.6121
0.00088595,1,2.7982
0.00088635,1,2.7604
0.00088675,1,2.824
0.00088715,1,2.782
0.00088756,1,3.0673
0.00088796,1,2.883
0.00088836,1,2.8379
0.00088876,1,2.9287
0.00088916,1,2.9139
0.00088956,1,2.8569
0.00088996,1,2.7766
0.00089036,1,2.6241
0.00089076,1,2.9612
0.00089116,1,2.6938
0.00089156,1,2.6321
0.00089196,1,2.7789
0.00089236,1,2.5783
0.00089276,1,2.6371
0.00089316,1,2.626
0.00089356,1,2.8389
0.00089396,1,2.7411
0.00089436,1,2.8143
0.00089476,1,2.8328
0.00089516,1,2.7444
0.00089556,1,2.717
0.00089596,1,3.0562
0.00089636,1,2.8781
0.00089676,1,2.9444
0.00089716,1,2.8395
0.00089756,1,2.8069
0.00089796,1,2.7764
0.00089836,1,2.5726
0.00089876,1,2.7783
0.00089916,1,2.8486
0.00089956,1,2.6811
0.00089996,1,2.8129
0.00090036,1,2.8449
0.00090076,1,2.8014
0.00090116,1,2.7175
0.00090156,1,2.8661
0.00090196,1,2.6674
0.00090236,1,2.8978
0.00090276,1,2.8835
0.00090316,1,2.7671
0.00090356,1,2.5608
0.00090396,1,2.8394
0.00090436,1,2.9531
0.00090476,1,2.7176
0.00090516,1,2.9657
0.00090556,1,2.8477
0.00090596,1,2.6165
0.00090636,1,2.9011
0.00090676,1,2.8941
0.00090716,1,2.7854
0.00090756,1,2.6429
0.00090796,1,2.713
0.00090836,1,2.9204
0.00090876,1,2.652
0.00090916,1,2.7215
0.00090956,1,2.8837
0.00090996,1,2.7103
0.00091036,1,2.9298
0.00091076,1,2.802
0.00091116,1,3.0353
0.00091156,1,2.8132
0.00091196,1,2.8866
0.00091236,1,2.8223
0.00091277,1,2.858
0.00091317,1,2.8275
0.00091357,1,2.8251
0.00091397,1,2.8693
0.00091437,1,2.7747
0.00091477,1,2.7938
0.00091517,1,2.8469
0.00091557,1,2.8062
0.00091597,1,2.8639
0.00091637,1,2.8322
0.00091677,1,2.8678
0.00091717,1,2.8429
0.00091757,1,2.7979
0.00091797,1,2.8176
0.00091837,1,2.8457
0.00091877,1,2.8631
0.00091917,1,2.6855
0.00091957,1,2.756
0.00091997,1,2.8015
0.00092037,1,2.7617
0.00092077,1,2.8241
0.00092117,1,2.6713
0.00092157,1,2.626
0.00092197,1,2.9202
0.00092237,1,2.6423
0.00092277,1,2.7729
0.00092317,1,2.7035
0.00092357,1,2.6779
0.00092397,1,2.932
0.00092437,1,2.6823
0.00092477,1,2.7804
0.00092517,1,2.8382
0.00092557,1,2.7573
0.00092597,1,2.8962
0.00092637,1,2.7984
0.00092677,1,2.9673
0.00092717,1,2.7967
0.00092757,1,2.7117
0.00092797,1,2.7771
0.00092837,1,2.6731
0.00092877,1,2.7079
0.00092917,1,2.8408
0.00092957,1,2.6803
0.00092997,1,2.5915
0.00093037,1,2.6419
0.00093077,1,2.8012
0.00093117,1,2.9042
0.00093157,1,2.7309
0.00093197,1,2.7311
0.00093237,1,2.8689
0.00093277,1,2.7864
0.00093317,1,2.6687
0.00093357,1,2.73
0.00093397,1,2.609
0.00093437,1,2.7143
0.00093477,1,2.881
0.00093517,1,2.8097
0.00093557,1,2.5847
0.00093597,1,2.6706
0.00093637,1,2.6797
0.00093677,1,2.7873
0.00093717,1,2.6499
0.00093758,1,2.8482
0.00093798,1,2.8236
0.00093838,1,2.7372
0.00093878,1,2.6841
0.00093918,1,2.7038
0.00093958,1,2.7065
0.00093998,1,2.7449
0.00094038,1,2.776
0.00094078,1,2.9091
0.00094118,1,2.887
0.00094158,1,2.8138
0.00094198,1,2.7329
0.00094238,1,2.9549
0.00094278,1,2.8203
0.00094318,1,2.8829
0.00094358,1,2.9042
0.00094398,1,2.8444
0.00094438,1,2.6702
0.00094478,1,2.7699
0.00094518,1,2.7973
0.00094558,1,2.7856
0.00094598,1,2.7871
0.00094638,1,2.8488
0.00094678,1,2.6511
0.00094718,1,2.6303
0.00094758,1,2.8389
0.00094798,1,2.749
0.00094838,1,2.9871
0.00094878,1,2.638
0.00094918,1,2.66
0.00094958,1,2.7811
0.00094998,1,2.6414
0.00095038,1,2.8445
0.00095078,1,2.7264
0.00095118,1,2.7777
0.00095158,1,2.6616
0.00095198,1,2.9478
0.00095238,1,2.8428
0.00095278,1,2.4682
0.00095318,1,2.7961
0.00095358,1,2.7449
0.00095398,1,2.846
0.00095438,1,2.6796
0.00095478,1,2.9147
0.00095518,1,2.8275
0.00095558,1,2.8366
0.00095598,1,2.633
0.00095638,1,2.8417
0.00095678,1,2.9941
0.00095718,1,2.9315
0.00095758,1,2.7979
0.00095798,1,2.8073
0.00095838,1,2.7812
0.00095878,1,2.8857
0.00095918,1,2.95
0.00095958,1,2.8836
0.00095998,1,2.7185
0.00096038,1,2.8964
0.00096078,1,2.8989
0.00096118,1,2.7069
0.00096158,1,2.9338
0.00096198,1,2.7311
0.00096238,1,2.9573
0.00096279,1,2.7854
0.00096319,1,2.7657
0.00096359,1,2.6462
0.00096399,1,2.6053
0.00096439,1,2.8606
0.00096479,1,2.7739
0.00096519,1,2.6626
0.00096559,1,2.9388
0.00096599,1,2.8652
0.00096639,1,2.6746
0.00096679,1,2.7909
0.00096719,1,2.6496
0.00096759,1,2.7701
0.00096799,1,2.8312
0.00096839,1,3.1141
0.00096879,1,2.9109
0.00096919,1,2.8127
0.00096959,1,2.8931
0.00096999,1,2.8688
0.00097039,1,2.7616
0.00097079,1,2.7004
0.00097119,1,2.5678
0.00097159,1,2.8397
0.00097199,1,2.7956
0.00097239,1,2.9559
0.00097279,1,2.6607
0.00097319,1,2.6721
0.00097359,1,2.7576
0.00097399,1,2.6776
0.00097439,1,2.738
0.00097479,1,2.5584
0.00097519,1,2.9063
0.00097559,1,2.7843
0.00097599,1,2.7872
0.00097639,1,2.7195
0.00097679,1,2.7995
0.00097719,1,2.8867
0.00097759,1,2.7095
0.00097799,1,2.8076
0.00097839,1,2.939
0.00097879,1,2.7489
0.00097919,1,2.7445
0.00097959,1,2.7273
0.00097999,1,2.7269
0.00098039,1,2.7924
0.00098079,1,2.82
0.00098119,1,2.6769
0.00098159,1,2.8663
0.00098199,1,2.8146
0.00098239,1,2.6433
0.00098279,1,2.886
0.00098319,1,2.8734
0.00098359,1,2.8375
0.00098399,1,2.8648
0.00098439,1,2.7039
0.00098479,1,2.7682
0.00098519,1,2.7684
0.00098559,1,2.8955
0.00098599,1,2.8428
0.00098639,1,2.7482
0.00098679,1,2.7705
0.00098719,1,2.8524
0.0009876,1,2.5567
0.000988,1,2.8503
0.0009884,1,2.84
0.0009888,1,2.8831
0.0009892,1,3.0372
0.0009896,1,2.8253
0.00099,1,2.7403
0.0009904,1,2.8607
0.0009908,1,2.8741
0.0009912,1,2.7544
0.0009916,1,2.9989
0.000992,1,2.6027
0.0009924,1,2.7133
0.0009928,1,2.7395
0.0009932,1,2.7888
0.0009936,1,2.8805
0.000994,1,2.9947
0.0009944,1,2.9155
0.0009948,1,2.8241
0.0009952,1,3.0853
0.0009956,1,2.7085
0.000996,1,2.8239
0.0009964,1,2.8526
0.0009968,1,2.8603
0.0009972,1,2.8574
0.0009976,1,2.7156
0.000998,1,2.701
0.0009984,1,2.6339
0.0009988,1,2.8352
0.0009992,1,2.8256
0.0009996,1,2.9054
0.001,1,2.736
