0,0,20
4.0016e-09,0,20
8.0032e-09,0,20
1.2005e-08,0,20
1.6006e-08,0,20
2.0008e-08,0,20
2.401e-08,0,20
2.8011e-08,0,20
3.2013e-08,0,20
3.6014e-08,0,20
4.0016e-08,0,20
4.4018e-08,0,20
4.8019e-08,0,20
5.2021e-08,0,20
5.6022e-08,0,20
6.0024e-08,0,20
6.4026e-08,0,20
6.8027e-08,0,20
7.2029e-08,0,20
7.603e-08,0,20
8.0032e-08,0,20
8.4034e-08,0,20
8.8035e-08,0,20
9.2037e-08,0,20
9.6038e-08,0,20
1.0004e-07,0,20
1.0404e-07,0,20
1.0804e-07,0,20
1.1204e-07,0,20
1.1605e-07,0,20
1.2005e-07,0,20
1.2405e-07,0,20
1.2805e-07,0,20
1.3205e-07,0,20
1.3605e-07,0,20
1.4006e-07,0,20
1.4406e-07,0,20
1.4806e-07,0,20
1.5206e-07,0,20
1.5606e-07,0,20
1.6006e-07,0,20
1.6407e-07,0,20
1.6807e-07,0,20
1.7207e-07,0,20
1.7607e-07,0,20
1.8007e-07,0,20
1.8407e-07,0,20
1.8808e-07,0,20
1.9208e-07,0,20
1.9608e-07,0,20
2.0008e-07,0,20
2.0408e-07,0,20
2.0808e-07,0,20
2.1208e-07,0,20
2.1609e-07,0,20
2.2009e-07,0,20
2.2409e-07,0,20
2.2809e-07,0,20
2.3209e-07,0,20
2.3609e-07,0,20
2.401e-07,0,20
2.441e-07,0,20
2.481e-07,0,20
2.521e-07,0,20
2.561e-07,0,20
2.601e-07,0,20
2.6411e-07,0,20
2.6811e-07,0,20
2.7211e-07,0,20
2.7611e-07,0,20
2.8011e-07,0,20
2.8411e-07,0,20
2.8812e-07,0,20
2.9212e-07,0,20
2.9612e-07,0,20
3.0012e-07,0,20
3.0412e-07,0,20
3.0812e-07,0,20
3.1212e-07,0,20
3.1613e-07,0,20
3.2013e-07,0,20
3.2413e-07,0,20
3.2813e-07,0,20
3.3213e-07,0,20
3.3613e-07,0,20
3.4014e-07,0,20
3.4414e-07,0,20
3.4814e-07,0,20
3.5214e-07,0,20
3.5614e-07,0,20
3.6014e-07,0,20
3.6415e-07,0,20
3.6815e-07,0,20
3.7215e-07,0,20
3.7615e-07,0,20
3.8015e-07,0,20
3.8415e-07,0,20
3.8816e-07,0,20
3.9216e-07,0,20
3.9616e-07,0,20
4.0016e-07,0,20
4.0416e-07,0,20
4.0816e-07,0,20
4.1216e-07,0,20
4.1617e-07,0,20
4.2017e-07,0,20
4.2417e-07,0,20
4.2817e-07,0,20
4.3217e-07,0,20
4.3617e-07,0,20
4.4018e-07,0,20
4.4418e-07,0,20
4.4818e-07,0,20
4.5218e-07,0,20
4.5618e-07,0,20
4.6018e-07,0,20
4.6419e-07,0,20
4.6819e-07,0,20
4.7219e-07,0,20
4.7619e-07,0,20
4.8019e-07,0,20
4.8419e-07,0,20
4.882e-07,0,20
4.922e-07,0,20
4.962e-07,0,20
5.002e-07,0,20
5.042e-07,0,20
5.082e-07,0,20
5.122e-07,0,20
5.1621e-07,0,20
5.2021e-07,0,20
5.2421e-07,0,20
5.2821e-07,0,20
5.3221e-07,0,20
5.3621e-07,0,20
5.4022e-07,0,20
5.4422e-07,0,20
5.4822e-07,0,20
5.5222e-07,0,20
5.5622e-07,0,20
5.6022e-07,0,20
5.6423e-07,0,20
5.6823e-07,0,20
5.7223e-07,0,20
5.7623e-07,0,20
5.8023e-07,0,20
5.8423e-07,0,20
5.8824e-07,0,20
5.9224e-07,0,20
5.9624e-07,0,20
6.0024e-07,0,20
6.0424e-07,0,20
6.0824e-07,0,20
6.1224e-07,0,20
6.1625e-07,0,20
6.2025e-07,0,20
6.2425e-07,0,20
6.2825e-07,0,20
6.3225e-07,0,20
6.3625e-07,0,20
6.4026e-07,0,20
6.4426e-07,0,20
6.4826e-07,0,20
6.5226e-07,0,20
6.5626e-07,0,20
6.6026e-07,0,20
6.6427e-07,0,20
6.6827e-07,0,20
6.7227e-07,0,20
6.7627e-07,0,20
6.8027e-07,0,20
6.8427e-07,0,20
6.8828e-07,0,20
6.9228e-07,0,20
6.9628e-07,0,20
7.0028e-07,0,20
7.0428e-07,0,20
7.0828e-07,0,20
7.1228e-07,0,20
7.1629e-07,0,20
7.2029e-07,0,20
7.2429e-07,0,20
7.2829e-07,0,20
7.3229e-07,0,20
7.3629e-07,0,20
7.403e-07,0,20
7.443e-07,0,20
7.483e-07,0,20
7.523e-07,0,20
7.563e-07,0,20
7.603e-07,0,20
7.6431e-07,0,20
7.6831e-07,0,20
7.7231e-07,0,20
7.7631e-07,0,20
7.8031e-07,0,20
7.8431e-07,0,20
7.8832e-07,0,20
7.9232e-07,0,20
7.9632e-07,0,20
8.0032e-07,0,20
8.0432e-07,0,20
8.0832e-07,0,20
8.1232e-07,0,20
8.1633e-07,0,20
8.2033e-07,0,20
8.2433e-07,0,20
8.2833e-07,0,20
8.3233e-07,0,20
8.3633e-07,0,20
8.4034e-07,0,20
8.4434e-07,0,20
8.4834e-07,0,20
8.5234e-07,0,20
8.5634e-07,0,20
8.6034e-07,0,20
8.6435e-07,0,20
8.6835e-07,0,20
8.7235e-07,0,20
8.7635e-07,0,20
8.8035e-07,0,20
8.8435e-07,0,20
8.8836e-07,0,20
8.9236e-07,0,20
8.9636e-07,0,20
9.0036e-07,0,20
9.0436e-07,0,20
9.0836e-07,0,20
9.1236e-07,0,20
9.1637e-07,0,20
9.2037e-07,0,20
9.2437e-07,0,20
9.2837e-07,0,20
9.3237e-07,0,20
9.3637e-07,0,20
9.4038e-07,0,20
9.4438e-07,0,20
9.4838e-07,0,20
9.5238e-07,0,20
9.5638e-07,0,20
9.6038e-07,0,20
9.6439e-07,0,20
9.6839e-07,0,20
9.7239e-07,0,20
9.7639e-07,0,20
9.8039e-07,0,20
9.8439e-07,0,20
9.884e-07,0,20
9.924e-07,0,20
9.964e-07,0,20
1.0004e-06,1,20
1.0044e-06,1,20
1.0084e-06,1,20
1.0124e-06,1,20
1.0164e-06,1,20
1.0204e-06,1,20
1.0244e-06,1,20
1.0284e-06,1,20
1.0324e-06,1,20
1.0364e-06,1,20
1.0404e-06,1,20
1.0444e-06,1,20
1.0484e-06,1,20
1.0524e-06,1,20
1.0564e-06,1,20
1.0604e-06,1,20
1.0644e-06,1,20
1.0684e-06,1,20
1.0724e-06,1,20
1.0764e-06,1,20
1.0804e-06,1,20
1.0844e-06,1,20
1.0884e-06,1,20
1.0924e-06,1,20
1.0964e-06,1,20
1.1004e-06,1,20
1.1044e-06,1,20
1.1084e-06,1,20
1.1124e-06,1,20
1.1164e-06,1,20
1.1204e-06,1,20.001
1.1244e-06,1,20.001
1.1285e-06,1,20.001
1.1325e-06,1,20.001
1.1365e-06,1,20.001
1.1405e-06,1,20.001
1.1445e-06,1,20.001
1.1485e-06,1,20.002
1.1525e-06,1,20.002
1.1565e-06,1,20.002
1.1605e-06,1,20.002
1.1645e-06,1,20.003
1.1685e-06,1,20.003
1.1725e-06,1,20.004
1.1765e-06,1,20.004
1.1805e-06,1,20.005
1.1845e-06,1,20.005
1.1885e-06,1,20.006
1.1925e-06,1,20.006
1.1965e-06,1,20.007
1.2005e-06,1,20.008
1.2045e-06,1,20.008
1.2085e-06,1,20.009
1.2125e-06,1,20.01
1.2165e-06,1,20.011
1.2205e-06,1,20.012
1.2245e-06,1,20.013
1.2285e-06,1,20.014
1.2325e-06,1,20.016
1.2365e-06,1,20.017
1.2405e-06,1,20.018
1.2445e-06,1,20.02
1.2485e-06,1,20.021
1.2525e-06,1,20.023
1.2565e-06,1,20.025
1.2605e-06,1,20.027
1.2645e-06,1,20.029
1.2685e-06,1,20.031
1.2725e-06,1,20.033
1.2765e-06,1,20.035
1.2805e-06,1,20.038
1.2845e-06,1,20.04
1.2885e-06,1,20.043
1.2925e-06,1,20.045
1.2965e-06,1,20.048
1.3005e-06,1,20.051
1.3045e-06,1,20.054
1.3085e-06,1,20.058
1.3125e-06,1,20.061
1.3165e-06,1,20.065
1.3205e-06,1,20.068
1.3245e-06,1,20.072
1.3285e-06,1,20.076
1.3325e-06,1,20.08
1.3365e-06,1,20.085
1.3405e-06,1,20.089
1.3445e-06,1,20.094
1.3485e-06,1,20.098
1.3525e-06,1,20.103
1.3565e-06,1,20.108
1.3605e-06,1,20.114
1.3645e-06,1,20.119
1.3685e-06,1,20.125
1.3725e-06,1,20.131
1.3766e-06,1,20.137
1.3806e-06,1,20.143
1.3846e-06,1,20.149
1.3886e-06,1,20.156
1.3926e-06,1,20.162
1.3966e-06,1,20.169
1.4006e-06,1,20.176
1.4046e-06,1,20.184
1.4086e-06,1,20.191
1.4126e-06,1,20.199
1.4166e-06,1,20.207
1.4206e-06,1,20.215
1.4246e-06,1,20.223
1.4286e-06,1,20.232
1.4326e-06,1,20.24
1.4366e-06,1,20.249
1.4406e-06,1,20.258
1.4446e-06,1,20.268
1.4486e-06,1,20.277
1.4526e-06,1,20.287
1.4566e-06,1,20.297
1.4606e-06,1,20.307
1.4646e-06,1,20.318
1.4686e-06,1,20.328
1.4726e-06,1,20.339
1.4766e-06,1,20.35
1.4806e-06,1,20.361
1.4846e-06,1,20.373
1.4886e-06,1,20.385
1.4926e-06,1,20.396
1.4966e-06,1,20.409
1.5006e-06,1,20.421
1.5046e-06,1,20.433
1.5086e-06,1,20.446
1.5126e-06,1,20.459
1.5166e-06,1,20.472
1.5206e-06,1,20.486
1.5246e-06,1,20.499
1.5286e-06,1,20.513
1.5326e-06,1,20.527
1.5366e-06,1,20.541
1.5406e-06,1,20.556
1.5446e-06,1,20.571
1.5486e-06,1,20.585
1.5526e-06,1,20.601
1.5566e-06,1,20.616
1.5606e-06,1,20.631
1.5646e-06,1,20.647
1.5686e-06,1,20.663
1.5726e-06,1,20.679
1.5766e-06,1,20.695
1.5806e-06,1,20.712
1.5846e-06,1,20.728
1.5886e-06,1,20.745
1.5926e-06,1,20.762
1.5966e-06,1,20.78
1.6006e-06,1,20.797
1.6046e-06,1,20.815
1.6086e-06,1,20.833
1.6126e-06,1,20.85
1.6166e-06,1,20.869
1.6206e-06,1,20.887
1.6246e-06,1,20.905
1.6287e-06,1,20.924
1.6327e-06,1,20.943
1.6367e-06,1,20.962
1.6407e-06,1,20.981
1.6447e-06,1,21
1.6487e-06,1,21.02
1.6527e-06,1,21.039
1.6567e-06,1,21.059
1.6607e-06,1,21.079
1.6647e-06,1,21.099
1.6687e-06,1,21.119
1.6727e-06,1,21.14
1.6767e-06,1,21.16
1.6807e-06,1,21.181
1.6847e-06,1,21.201
1.6887e-06,1,21.222
1.6927e-06,1,21.243
1.6967e-06,1,21.264
1.7007e-06,1,21.285
1.7047e-06,1,21.307
1.7087e-06,1,21.328
1.7127e-06,1,21.349
1.7167e-06,1,21.371
1.7207e-06,1,21.393
1.7247e-06,1,21.414
1.7287e-06,1,21.436
1.7327e-06,1,21.458
1.7367e-06,1,21.48
1.7407e-06,1,21.502
1.7447e-06,1,21.524
1.7487e-06,1,21.546
1.7527e-06,1,21.568
1.7567e-06,1,21.591
1.7607e-06,1,21.613
1.7647e-06,1,21.635
1.7687e-06,1,21.658
1.7727e-06,1,21.68
1.7767e-06,1,21.703
1.7807e-06,1,21.725
1.7847e-06,1,21.748
1.7887e-06,1,21.77
1.7927e-06,1,21.793
1.7967e-06,1,21.815
1.8007e-06,1,21.838
1.8047e-06,1,21.86
1.8087e-06,1,21.883
1.8127e-06,1,21.906
1.8167e-06,1,21.928
1.8207e-06,1,21.951
1.8247e-06,1,21.973
1.8287e-06,1,21.996
1.8327e-06,1,22.018
1.8367e-06,1,22.041
1.8407e-06,1,22.063
1.8447e-06,1,22.085
1.8487e-06,1,22.108
1.8527e-06,1,22.13
1.8567e-06,1,22.152
1.8607e-06,1,22.174
1.8647e-06,1,22.196
1.8687e-06,1,22.218
1.8727e-06,1,22.24
1.8768e-06,1,22.262
1.8808e-06,1,22.284
1.8848e-06,1,22.306
1.8888e-06,1,22.327
1.8928e-06,1,22.349
1.8968e-06,1,22.37
1.9008e-06,1,22.392
1.9048e-06,1,22.413
1.9088e-06,1,22.434
1.9128e-06,1,22.455
1.9168e-06,1,22.476
1.9208e-06,1,22.497
1.9248e-06,1,22.518
1.9288e-06,1,22.538
1.9328e-06,1,22.559
1.9368e-06,1,22.579
1.9408e-06,1,22.599
1.9448e-06,1,22.62
1.9488e-06,1,22.64
1.9528e-06,1,22.659
1.9568e-06,1,22.679
1.9608e-06,1,22.698
1.9648e-06,1,22.718
1.9688e-06,1,22.737
1.9728e-06,1,22.756
1.9768e-06,1,22.775
1.9808e-06,1,22.794
1.9848e-06,1,22.812
1.9888e-06,1,22.831
1.9928e-06,1,22.849
1.9968e-06,1,22.867
2.0008e-06,1,22.885
2.0048e-06,1,22.902
2.0088e-06,1,22.92
2.0128e-06,1,22.937
2.0168e-06,1,22.954
2.0208e-06,1,22.971
2.0248e-06,1,22.988
2.0288e-06,1,23.005
2.0328e-06,1,23.021
2.0368e-06,1,23.037
2.0408e-06,1,23.053
2.0448e-06,1,23.069
2.0488e-06,1,23.085
2.0528e-06,1,23.1
2.0568e-06,1,23.115
2.0608e-06,1,23.13
2.0648e-06,1,23.145
2.0688e-06,1,23.159
2.0728e-06,1,23.174
2.0768e-06,1,23.188
2.0808e-06,1,23.202
2.0848e-06,1,23.216
2.0888e-06,1,23.229
2.0928e-06,1,23.242
2.0968e-06,1,23.256
2.1008e-06,1,23.268
2.1048e-06,1,23.281
2.1088e-06,1,23.293
2.1128e-06,1,23.306
2.1168e-06,1,23.318
2.1208e-06,1,23.329
2.1248e-06,1,23.341
2.1289e-06,1,23.352
2.1329e-06,1,23.363
2.1369e-06,1,23.374
2.1409e-06,1,23.385
2.1449e-06,1,23.396
2.1489e-06,1,23.406
2.1529e-06,1,23.416
2.1569e-06,1,23.426
2.1609e-06,1,23.435
2.1649e-06,1,23.445
2.1689e-06,1,23.454
2.1729e-06,1,23.463
2.1769e-06,1,23.471
2.1809e-06,1,23.48
2.1849e-06,1,23.488
2.1889e-06,1,23.496
2.1929e-06,1,23.504
2.1969e-06,1,23.512
2.2009e-06,1,23.519
2.2049e-06,1,23.526
2.2089e-06,1,23.533
2.2129e-06,1,23.54
2.2169e-06,1,23.547
2.2209e-06,1,23.553
2.2249e-06,1,23.559
2.2289e-06,1,23.565
2.2329e-06,1,23.571
2.2369e-06,1,23.577
2.2409e-06,1,23.582
2.2449e-06,1,23.587
2.2489e-06,1,23.592
2.2529e-06,1,23.597
2.2569e-06,1,23.602
2.2609e-06,1,23.606
2.2649e-06,1,23.611
2.2689e-06,1,23.615
2.2729e-06,1,23.619
2.2769e-06,1,23.622
2.2809e-06,1,23.626
2.2849e-06,1,23.629
2.2889e-06,1,23.632
2.2929e-06,1,23.635
2.2969e-06,1,23.638
2.3009e-06,1,23.641
2.3049e-06,1,23.643
2.3089e-06,1,23.646
2.3129e-06,1,23.648
2.3169e-06,1,23.65
2.3209e-06,1,23.652
2.3249e-06,1,23.653
2.3289e-06,1,23.655
2.3329e-06,1,23.656
2.3369e-06,1,23.658
2.3409e-06,1,23.659
2.3449e-06,1,23.66
2.3489e-06,1,23.661
2.3529e-06,1,23.661
2.3569e-06,1,23.662
2.3609e-06,1,23.662
2.3649e-06,1,23.663
2.3689e-06,1,23.663
2.3729e-06,1,23.663
2.377e-06,1,23.663
2.381e-06,1,23.663
2.385e-06,1,23.663
2.389e-06,1,23.662
2.393e-06,1,23.662
2.397e-06,1,23.661
2.401e-06,1,23.661
2.405e-06,1,23.66
2.409e-06,1,23.659
2.413e-06,1,23.658
2.417e-06,1,23.657
2.421e-06,1,23.656
2.425e-06,1,23.655
2.429e-06,1,23.654
2.433e-06,1,23.652
2.437e-06,1,23.651
2.441e-06,1,23.65
2.445e-06,1,23.648
2.449e-06,1,23.646
2.453e-06,1,23.645
2.457e-06,1,23.643
2.461e-06,1,23.641
2.465e-06,1,23.64
2.469e-06,1,23.638
2.473e-06,1,23.636
2.477e-06,1,23.634
2.481e-06,1,23.632
2.485e-06,1,23.63
2.489e-06,1,23.628
2.493e-06,1,23.626
2.497e-06,1,23.624
2.501e-06,1,23.622
2.505e-06,1,23.62
2.509e-06,1,23.618
2.513e-06,1,23.616
2.517e-06,1,23.613
2.521e-06,1,23.611
2.525e-06,1,23.609
2.529e-06,1,23.607
2.533e-06,1,23.605
2.537e-06,1,23.603
2.541e-06,1,23.601
2.545e-06,1,23.598
2.549e-06,1,23.596
2.553e-06,1,23.594
2.557e-06,1,23.592
2.561e-06,1,23.59
2.565e-06,1,23.588
2.569e-06,1,23.586
2.573e-06,1,23.584
2.577e-06,1,23.582
2.581e-06,1,23.58
2.585e-06,1,23.578
2.589e-06,1,23.577
2.593e-06,1,23.575
2.597e-06,1,23.573
2.601e-06,1,23.571
2.605e-06,1,23.57
2.609e-06,1,23.568
2.613e-06,1,23.566
2.617e-06,1,23.565
2.621e-06,1,23.563
2.6251e-06,1,23.562
2.6291e-06,1,23.561
2.6331e-06,1,23.56
2.6371e-06,1,23.558
2.6411e-06,1,23.557
2.6451e-06,1,23.556
2.6491e-06,1,23.555
2.6531e-06,1,23.554
2.6571e-06,1,23.553
2.6611e-06,1,23.553
2.6651e-06,1,23.552
2.6691e-06,1,23.551
2.6731e-06,1,23.551
2.6771e-06,1,23.55
2.6811e-06,1,23.55
2.6851e-06,1,23.55
2.6891e-06,1,23.549
2.6931e-06,1,23.549
2.6971e-06,1,23.549
2.7011e-06,1,23.549
2.7051e-06,1,23.549
2.7091e-06,1,23.55
2.7131e-06,1,23.55
2.7171e-06,1,23.55
2.7211e-06,1,23.551
2.7251e-06,1,23.551
2.7291e-06,1,23.552
2.7331e-06,1,23.553
2.7371e-06,1,23.554
2.7411e-06,1,23.555
2.7451e-06,1,23.556
2.7491e-06,1,23.557
2.7531e-06,1,23.558
2.7571e-06,1,23.56
2.7611e-06,1,23.561
2.7651e-06,1,23.563
2.7691e-06,1,23.564
2.7731e-06,1,23.566
2.7771e-06,1,23.568
2.7811e-06,1,23.57
2.7851e-06,1,23.572
2.7891e-06,1,23.574
2.7931e-06,1,23.577
2.7971e-06,1,23.579
2.8011e-06,1,23.581
2.8051e-06,1,23.584
2.8091e-06,1,23.587
2.8131e-06,1,23.589
2.8171e-06,1,23.592
2.8211e-06,1,23.595
2.8251e-06,1,23.598
2.8291e-06,1,23.602
2.8331e-06,1,23.605
2.8371e-06,1,23.608
2.8411e-06,1,23.612
2.8451e-06,1,23.615
2.8491e-06,1,23.619
2.8531e-06,1,23.623
2.8571e-06,1,23.627
2.8611e-06,1,23.631
2.8651e-06,1,23.635
2.8691e-06,1,23.639
2.8731e-06,1,23.643
2.8772e-06,1,23.647
2.8812e-06,1,23.652
2.8852e-06,1,23.656
2.8892e-06,1,23.661
2.8932e-06,1,23.665
2.8972e-06,1,23.67
2.9012e-06,1,23.675
2.9052e-06,1,23.68
2.9092e-06,1,23.685
2.9132e-06,1,23.69
2.9172e-06,1,23.695
2.9212e-06,1,23.7
2.9252e-06,1,23.706
2.9292e-06,1,23.711
2.9332e-06,1,23.717
2.9372e-06,1,23.722
2.9412e-06,1,23.728
2.9452e-06,1,23.733
2.9492e-06,1,23.739
2.9532e-06,1,23.745
2.9572e-06,1,23.751
2.9612e-06,1,23.757
2.9652e-06,1,23.763
2.9692e-06,1,23.769
2.9732e-06,1,23.775
2.9772e-06,1,23.781
2.9812e-06,1,23.788
2.9852e-06,1,23.794
2.9892e-06,1,23.8
2.9932e-06,1,23.807
2.9972e-06,1,23.813
3.0012e-06,1,23.82
3.0052e-06,1,23.826
3.0092e-06,1,23.833
3.0132e-06,1,23.839
3.0172e-06,1,23.846
3.0212e-06,1,23.853
3.0252e-06,1,23.859
3.0292e-06,1,23.866
3.0332e-06,1,23.873
3.0372e-06,1,23.88
3.0412e-06,1,23.887
3.0452e-06,1,23.894
3.0492e-06,1,23.901
3.0532e-06,1,23.907
3.0572e-06,1,23.914
3.0612e-06,1,23.921
3.0652e-06,1,23.928
3.0692e-06,1,23.935
3.0732e-06,1,23.942
3.0772e-06,1,23.949
3.0812e-06,1,23.957
3.0852e-06,1,23.964
3.0892e-06,1,23.971
3.0932e-06,1,23.978
3.0972e-06,1,23.985
3.1012e-06,1,23.992
3.1052e-06,1,23.999
3.1092e-06,1,24.006
3.1132e-06,1,24.013
3.1172e-06,1,24.02
3.1212e-06,1,24.027
3.1253e-06,1,24.034
3.1293e-06,1,24.041
3.1333e-06,1,24.048
3.1373e-06,1,24.055
3.1413e-06,1,24.062
3.1453e-06,1,24.069
3.1493e-06,1,24.076
3.1533e-06,1,24.083
3.1573e-06,1,24.09
3.1613e-06,1,24.096
3.1653e-06,1,24.103
3.1693e-06,1,24.11
3.1733e-06,1,24.117
3.1773e-06,1,24.124
3.1813e-06,1,24.13
3.1853e-06,1,24.137
3.1893e-06,1,24.143
3.1933e-06,1,24.15
3.1973e-06,1,24.156
3.2013e-06,1,24.163
3.2053e-06,1,24.169
3.2093e-06,1,24.176
3.2133e-06,1,24.182
3.2173e-06,1,24.188
3.2213e-06,1,24.195
3.2253e-06,1,24.201
3.2293e-06,1,24.207
3.2333e-06,1,24.213
3.2373e-06,1,24.219
3.2413e-06,1,24.225
3.2453e-06,1,24.231
3.2493e-06,1,24.236
3.2533e-06,1,24.242
3.2573e-06,1,24.248
3.2613e-06,1,24.254
3.2653e-06,1,24.259
3.2693e-06,1,24.265
3.2733e-06,1,24.27
3.2773e-06,1,24.275
3.2813e-06,1,24.281
3.2853e-06,1,24.286
3.2893e-06,1,24.291
3.2933e-06,1,24.296
3.2973e-06,1,24.301
3.3013e-06,1,24.306
3.3053e-06,1,24.311
3.3093e-06,1,24.315
3.3133e-06,1,24.32
3.3173e-06,1,24.325
3.3213e-06,1,24.329
3.3253e-06,1,24.334
3.3293e-06,1,24.338
3.3333e-06,1,24.342
3.3373e-06,1,24.346
3.3413e-06,1,24.351
3.3453e-06,1,24.355
3.3493e-06,1,24.359
3.3533e-06,1,24.362
3.3573e-06,1,24.366
3.3613e-06,1,24.37
3.3653e-06,1,24.373
3.3693e-06,1,24.377
3.3733e-06,1,24.38
3.3774e-06,1,24.384
3.3814e-06,1,24.387
3.3854e-06,1,24.39
3.3894e-06,1,24.393
3.3934e-06,1,24.396
3.3974e-06,1,24.399
3.4014e-06,1,24.402
3.4054e-06,1,24.404
3.4094e-06,1,24.407
3.4134e-06,1,24.41
3.4174e-06,1,24.412
3.4214e-06,1,24.414
3.4254e-06,1,24.417
3.4294e-06,1,24.419
3.4334e-06,1,24.421
3.4374e-06,1,24.423
3.4414e-06,1,24.425
3.4454e-06,1,24.427
3.4494e-06,1,24.429
3.4534e-06,1,24.43
3.4574e-06,1,24.432
3.4614e-06,1,24.433
3.4654e-06,1,24.435
3.4694e-06,1,24.436
3.4734e-06,1,24.437
3.4774e-06,1,24.438
3.4814e-06,1,24.439
3.4854e-06,1,24.44
3.4894e-06,1,24.441
3.4934e-06,1,24.442
3.4974e-06,1,24.443
3.5014e-06,1,24.443
3.5054e-06,1,24.444
3.5094e-06,1,24.445
3.5134e-06,1,24.445
3.5174e-06,1,24.445
3.5214e-06,1,24.446
3.5254e-06,1,24.446
3.5294e-06,1,24.446
3.5334e-06,1,24.446
3.5374e-06,1,24.446
3.5414e-06,1,24.446
3.5454e-06,1,24.446
3.5494e-06,1,24.445
3.5534e-06,1,24.445
3.5574e-06,1,24.445
3.5614e-06,1,24.444
3.5654e-06,1,24.444
3.5694e-06,1,24.443
3.5734e-06,1,24.442
3.5774e-06,1,24.442
3.5814e-06,1,24.441
3.5854e-06,1,24.44
3.5894e-06,1,24.439
3.5934e-06,1,24.438
3.5974e-06,1,24.437
3.6014e-06,1,24.436
3.6054e-06,1,24.435
3.6094e-06,1,24.434
3.6134e-06,1,24.432
3.6174e-06,1,24.431
3.6214e-06,1,24.43
3.6255e-06,1,24.428
3.6295e-06,1,24.427
3.6335e-06,1,24.425
3.6375e-06,1,24.424
3.6415e-06,1,24.422
3.6455e-06,1,24.421
3.6495e-06,1,24.419
3.6535e-06,1,24.417
3.6575e-06,1,24.416
3.6615e-06,1,24.414
3.6655e-06,1,24.412
3.6695e-06,1,24.41
3.6735e-06,1,24.408
3.6775e-06,1,24.406
3.6815e-06,1,24.404
3.6855e-06,1,24.402
3.6895e-06,1,24.4
3.6935e-06,1,24.398
3.6975e-06,1,24.396
3.7015e-06,1,24.394
3.7055e-06,1,24.392
3.7095e-06,1,24.39
3.7135e-06,1,24.388
3.7175e-06,1,24.385
3.7215e-06,1,24.383
3.7255e-06,1,24.381
3.7295e-06,1,24.379
3.7335e-06,1,24.376
3.7375e-06,1,24.374
3.7415e-06,1,24.372
3.7455e-06,1,24.37
3.7495e-06,1,24.367
3.7535e-06,1,24.365
3.7575e-06,1,24.363
3.7615e-06,1,24.36
3.7655e-06,1,24.358
3.7695e-06,1,24.356
3.7735e-06,1,24.354
3.7775e-06,1,24.351
3.7815e-06,1,24.349
3.7855e-06,1,24.347
3.7895e-06,1,24.344
3.7935e-06,1,24.342
3.7975e-06,1,24.34
3.8015e-06,1,24.338
3.8055e-06,1,24.335
3.8095e-06,1,24.333
3.8135e-06,1,24.331
3.8175e-06,1,24.329
3.8215e-06,1,24.326
3.8255e-06,1,24.324
3.8295e-06,1,24.322
3.8335e-06,1,24.32
3.8375e-06,1,24.318
3.8415e-06,1,24.315
3.8455e-06,1,24.313
3.8495e-06,1,24.311
3.8535e-06,1,24.309
3.8575e-06,1,24.307
3.8615e-06,1,24.305
3.8655e-06,1,24.303
3.8695e-06,1,24.301
3.8735e-06,1,24.299
3.8776e-06,1,24.297
3.8816e-06,1,24.296
3.8856e-06,1,24.294
3.8896e-06,1,24.292
3.8936e-06,1,24.29
3.8976e-06,1,24.288
3.9016e-06,1,24.287
3.9056e-06,1,24.285
3.9096e-06,1,24.283
3.9136e-06,1,24.282
3.9176e-06,1,24.28
3.9216e-06,1,24.279
3.9256e-06,1,24.277
3.9296e-06,1,24.276
3.9336e-06,1,24.274
3.9376e-06,1,24.273
3.9416e-06,1,24.272
3.9456e-06,1,24.271
3.9496e-06,1,24.269
3.9536e-06,1,24.268
3.9576e-06,1,24.267
3.9616e-06,1,24.266
3.9656e-06,1,24.265
3.9696e-06,1,24.264
3.9736e-06,1,24.263
3.9776e-06,1,24.262
3.9816e-06,1,24.261
3.9856e-06,1,24.26
3.9896e-06,1,24.26
3.9936e-06,1,24.259
3.9976e-06,1,24.258
4.0016e-06,1,24.258
4.0056e-06,1,24.257
4.0096e-06,1,24.256
4.0136e-06,1,24.256
4.0176e-06,1,24.256
4.0216e-06,1,24.255
4.0256e-06,1,24.255
4.0296e-06,1,24.255
4.0336e-06,1,24.254
4.0376e-06,1,24.254
4.0416e-06,1,24.254
4.0456e-06,1,24.254
4.0496e-06,1,24.254
4.0536e-06,1,24.254
4.0576e-06,1,24.254
4.0616e-06,1,24.254
4.0656e-06,1,24.254
4.0696e-06,1,24.255
4.0736e-06,1,24.255
4.0776e-06,1,24.255
4.0816e-06,1,24.256
4.0856e-06,1,24.256
4.0896e-06,1,24.257
4.0936e-06,1,24.257
4.0976e-06,1,24.258
4.1016e-06,1,24.258
4.1056e-06,1,24.259
4.1096e-06,1,24.26
4.1136e-06,1,24.26
4.1176e-06,1,24.261
4.1216e-06,1,24.262
4.1257e-06,1,24.263
4.1297e-06,1,24.264
4.1337e-06,1,24.265
4.1377e-06,1,24.266
4.1417e-06,1,24.267
4.1457e-06,1,24.268
4.1497e-06,1,24.27
4.1537e-06,1,24.271
4.1577e-06,1,24.272
4.1617e-06,1,24.273
4.1657e-06,1,24.275
4.1697e-06,1,24.276
4.1737e-06,1,24.278
4.1777e-06,1,24.279
4.1817e-06,1,24.281
4.1857e-06,1,24.282
4.1897e-06,1,24.284
4.1937e-06,1,24.286
4.1977e-06,1,24.287
4.2017e-06,1,24.289
4.2057e-06,1,24.291
4.2097e-06,1,24.293
4.2137e-06,1,24.294
4.2177e-06,1,24.296
4.2217e-06,1,24.298
4.2257e-06,1,24.3
4.2297e-06,1,24.302
4.2337e-06,1,24.304
4.2377e-06,1,24.306
4.2417e-06,1,24.308
4.2457e-06,1,24.31
4.2497e-06,1,24.312
4.2537e-06,1,24.315
4.2577e-06,1,24.317
4.2617e-06,1,24.319
4.2657e-06,1,24.321
4.2697e-06,1,24.323
4.2737e-06,1,24.326
4.2777e-06,1,24.328
4.2817e-06,1,24.33
4.2857e-06,1,24.333
4.2897e-06,1,24.335
4.2937e-06,1,24.337
4.2977e-06,1,24.34
4.3017e-06,1,24.342
4.3057e-06,1,24.345
4.3097e-06,1,24.347
4.3137e-06,1,24.35
4.3177e-06,1,24.352
4.3217e-06,1,24.355
4.3257e-06,1,24.357
4.3297e-06,1,24.36
4.3337e-06,1,24.362
4.3377e-06,1,24.365
4.3417e-06,1,24.367
4.3457e-06,1,24.37
4.3497e-06,1,24.372
4.3537e-06,1,24.375
4.3577e-06,1,24.377
4.3617e-06,1,24.38
4.3657e-06,1,24.383
4.3697e-06,1,24.385
4.3737e-06,1,24.388
4.3778e-06,1,24.39
4.3818e-06,1,24.393
4.3858e-06,1,24.396
4.3898e-06,1,24.398
4.3938e-06,1,24.401
4.3978e-06,1,24.403
4.4018e-06,1,24.406
4.4058e-06,1,24.408
4.4098e-06,1,24.411
4.4138e-06,1,24.414
4.4178e-06,1,24.416
4.4218e-06,1,24.419
4.4258e-06,1,24.421
4.4298e-06,1,24.424
4.4338e-06,1,24.426
4.4378e-06,1,24.429
4.4418e-06,1,24.431
4.4458e-06,1,24.434
4.4498e-06,1,24.436
4.4538e-06,1,24.439
4.4578e-06,1,24.441
4.4618e-06,1,24.444
4.4658e-06,1,24.446
4.4698e-06,1,24.448
4.4738e-06,1,24.451
4.4778e-06,1,24.453
4.4818e-06,1,24.455
4.4858e-06,1,24.458
4.4898e-06,1,24.46
4.4938e-06,1,24.462
4.4978e-06,1,24.464
4.5018e-06,1,24.467
4.5058e-06,1,24.469
4.5098e-06,1,24.471
4.5138e-06,1,24.473
4.5178e-06,1,24.475
4.5218e-06,1,24.477
4.5258e-06,1,24.479
4.5298e-06,1,24.481
4.5338e-06,1,24.483
4.5378e-06,1,24.485
4.5418e-06,1,24.487
4.5458e-06,1,24.489
4.5498e-06,1,24.491
4.5538e-06,1,24.493
4.5578e-06,1,24.495
4.5618e-06,1,24.497
4.5658e-06,1,24.499
4.5698e-06,1,24.5
4.5738e-06,1,24.502
4.5778e-06,1,24.504
4.5818e-06,1,24.505
4.5858e-06,1,24.507
4.5898e-06,1,24.508
4.5938e-06,1,24.51
4.5978e-06,1,24.511
4.6018e-06,1,24.513
4.6058e-06,1,24.514
4.6098e-06,1,24.516
4.6138e-06,1,24.517
4.6178e-06,1,24.518
4.6218e-06,1,24.52
4.6259e-06,1,24.521
4.6299e-06,1,24.522
4.6339e-06,1,24.523
4.6379e-06,1,24.525
4.6419e-06,1,24.526
4.6459e-06,1,24.527
4.6499e-06,1,24.528
4.6539e-06,1,24.529
4.6579e-06,1,24.53
4.6619e-06,1,24.531
4.6659e-06,1,24.531
4.6699e-06,1,24.532
4.6739e-06,1,24.533
4.6779e-06,1,24.534
4.6819e-06,1,24.535
4.6859e-06,1,24.535
4.6899e-06,1,24.536
4.6939e-06,1,24.537
4.6979e-06,1,24.537
4.7019e-06,1,24.538
4.7059e-06,1,24.538
4.7099e-06,1,24.539
4.7139e-06,1,24.539
4.7179e-06,1,24.539
4.7219e-06,1,24.54
4.7259e-06,1,24.54
4.7299e-06,1,24.54
4.7339e-06,1,24.541
4.7379e-06,1,24.541
4.7419e-06,1,24.541
4.7459e-06,1,24.541
4.7499e-06,1,24.541
4.7539e-06,1,24.541
4.7579e-06,1,24.541
4.7619e-06,1,24.541
4.7659e-06,1,24.541
4.7699e-06,1,24.541
4.7739e-06,1,24.541
4.7779e-06,1,24.541
4.7819e-06,1,24.541
4.7859e-06,1,24.541
4.7899e-06,1,24.54
4.7939e-06,1,24.54
4.7979e-06,1,24.54
4.8019e-06,1,24.539
4.8059e-06,1,24.539
4.8099e-06,1,24.539
4.8139e-06,1,24.538
4.8179e-06,1,24.538
4.8219e-06,1,24.537
4.8259e-06,1,24.537
4.8299e-06,1,24.536
4.8339e-06,1,24.536
4.8379e-06,1,24.535
4.8419e-06,1,24.534
4.8459e-06,1,24.534
4.8499e-06,1,24.533
4.8539e-06,1,24.532
4.8579e-06,1,24.531
4.8619e-06,1,24.531
4.8659e-06,1,24.53
4.8699e-06,1,24.529
4.8739e-06,1,24.528
4.878e-06,1,24.527
4.882e-06,1,24.526
4.886e-06,1,24.526
4.89e-06,1,24.525
4.894e-06,1,24.524
4.898e-06,1,24.523
4.902e-06,1,24.522
4.906e-06,1,24.521
4.91e-06,1,24.52
4.914e-06,1,24.519
4.918e-06,1,24.518
4.922e-06,1,24.517
4.926e-06,1,24.515
4.93e-06,1,24.514
4.934e-06,1,24.513
4.938e-06,1,24.512
4.942e-06,1,24.511
4.946e-06,1,24.51
4.95e-06,1,24.509
4.954e-06,1,24.507
4.958e-06,1,24.506
4.962e-06,1,24.505
4.966e-06,1,24.504
4.97e-06,1,24.502
4.974e-06,1,24.501
4.978e-06,1,24.5
4.982e-06,1,24.499
4.986e-06,1,24.497
4.99e-06,1,24.496
4.994e-06,1,24.495
4.998e-06,1,24.494
5.002e-06,1,24.492
5.006e-06,1,24.491
5.01e-06,1,24.49
5.014e-06,1,24.489
5.018e-06,1,24.487
5.022e-06,1,24.486
5.026e-06,1,24.485
5.03e-06,1,24.483
5.034e-06,1,24.482
5.038e-06,1,24.481
5.042e-06,1,24.479
5.046e-06,1,24.478
5.05e-06,1,24.477
5.054e-06,1,24.476
5.058e-06,1,24.474
5.062e-06,1,24.473
5.066e-06,1,24.472
5.07e-06,1,24.47
5.074e-06,1,24.469
5.078e-06,1,24.468
5.082e-06,1,24.467
5.086e-06,1,24.465
5.09e-06,1,24.464
5.094e-06,1,24.463
5.098e-06,1,24.462
5.102e-06,1,24.461
5.106e-06,1,24.459
5.11e-06,1,24.458
5.114e-06,1,24.457
5.118e-06,1,24.456
5.122e-06,1,24.455
5.1261e-06,1,24.454
5.1301e-06,1,24.452
5.1341e-06,1,24.451
5.1381e-06,1,24.45
5.1421e-06,1,24.449
5.1461e-06,1,24.448
5.1501e-06,1,24.447
5.1541e-06,1,24.446
5.1581e-06,1,24.445
5.1621e-06,1,24.444
5.1661e-06,1,24.443
5.1701e-06,1,24.442
5.1741e-06,1,24.441
5.1781e-06,1,24.44
5.1821e-06,1,24.439
5.1861e-06,1,24.438
5.1901e-06,1,24.437
5.1941e-06,1,24.437
5.1981e-06,1,24.436
5.2021e-06,1,24.435
5.2061e-06,1,24.434
5.2101e-06,1,24.433
5.2141e-06,1,24.433
5.2181e-06,1,24.432
5.2221e-06,1,24.431
5.2261e-06,1,24.43
5.2301e-06,1,24.43
5.2341e-06,1,24.429
5.2381e-06,1,24.428
5.2421e-06,1,24.428
5.2461e-06,1,24.427
5.2501e-06,1,24.427
5.2541e-06,1,24.426
5.2581e-06,1,24.426
5.2621e-06,1,24.425
5.2661e-06,1,24.425
5.2701e-06,1,24.424
5.2741e-06,1,24.424
5.2781e-06,1,24.423
5.2821e-06,1,24.423
5.2861e-06,1,24.423
5.2901e-06,1,24.422
5.2941e-06,1,24.422
5.2981e-06,1,24.422
5.3021e-06,1,24.421
5.3061e-06,1,24.421
5.3101e-06,1,24.421
5.3141e-06,1,24.421
5.3181e-06,1,24.42
5.3221e-06,1,24.42
5.3261e-06,1,24.42
5.3301e-06,1,24.42
5.3341e-06,1,24.42
5.3381e-06,1,24.42
5.3421e-06,1,24.42
5.3461e-06,1,24.42
5.3501e-06,1,24.42
5.3541e-06,1,24.42
5.3581e-06,1,24.42
5.3621e-06,1,24.42
5.3661e-06,1,24.42
5.3701e-06,1,24.42
5.3741e-06,1,24.421
5.3782e-06,1,24.421
5.3822e-06,1,24.421
5.3862e-06,1,24.421
5.3902e-06,1,24.421
5.3942e-06,1,24.422
5.3982e-06,1,24.422
5.4022e-06,1,24.422
5.4062e-06,1,24.423
5.4102e-06,1,24.423
5.4142e-06,1,24.423
5.4182e-06,1,24.424
5.4222e-06,1,24.424
5.4262e-06,1,24.425
5.4302e-06,1,24.425
5.4342e-06,1,24.426
5.4382e-06,1,24.426
5.4422e-06,1,24.427
5.4462e-06,1,24.427
5.4502e-06,1,24.428
5.4542e-06,1,24.428
5.4582e-06,1,24.429
5.4622e-06,1,24.43
5.4662e-06,1,24.43
5.4702e-06,1,24.431
5.4742e-06,1,24.432
5.4782e-06,1,24.432
5.4822e-06,1,24.433
5.4862e-06,1,24.434
5.4902e-06,1,24.434
5.4942e-06,1,24.435
5.4982e-06,1,24.436
5.5022e-06,1,24.437
5.5062e-06,1,24.437
5.5102e-06,1,24.438
5.5142e-06,1,24.439
5.5182e-06,1,24.44
5.5222e-06,1,24.441
5.5262e-06,1,24.442
5.5302e-06,1,24.442
5.5342e-06,1,24.443
5.5382e-06,1,24.444
5.5422e-06,1,24.445
5.5462e-06,1,24.446
5.5502e-06,1,24.447
5.5542e-06,1,24.448
5.5582e-06,1,24.449
5.5622e-06,1,24.45
5.5662e-06,1,24.451
5.5702e-06,1,24.452
5.5742e-06,1,24.453
5.5782e-06,1,24.454
5.5822e-06,1,24.455
5.5862e-06,1,24.456
5.5902e-06,1,24.457
5.5942e-06,1,24.458
5.5982e-06,1,24.459
5.6022e-06,1,24.46
5.6062e-06,1,24.461
5.6102e-06,1,24.462
5.6142e-06,1,24.463
5.6182e-06,1,24.464
5.6222e-06,1,24.465
5.6263e-06,1,24.466
5.6303e-06,1,24.467
5.6343e-06,1,24.468
5.6383e-06,1,24.469
5.6423e-06,1,24.47
5.6463e-06,1,24.472
5.6503e-06,1,24.473
5.6543e-06,1,24.474
5.6583e-06,1,24.475
5.6623e-06,1,24.476
5.6663e-06,1,24.477
5.6703e-06,1,24.478
5.6743e-06,1,24.479
5.6783e-06,1,24.48
5.6823e-06,1,24.481
5.6863e-06,1,24.482
5.6903e-06,1,24.483
5.6943e-06,1,24.484
5.6983e-06,1,24.485
5.7023e-06,1,24.486
5.7063e-06,1,24.487
5.7103e-06,1,24.488
5.7143e-06,1,24.489
5.7183e-06,1,24.49
5.7223e-06,1,24.491
5.7263e-06,1,24.492
5.7303e-06,1,24.493
5.7343e-06,1,24.494
5.7383e-06,1,24.495
5.7423e-06,1,24.496
5.7463e-06,1,24.497
5.7503e-06,1,24.498
5.7543e-06,1,24.499
5.7583e-06,1,24.5
5.7623e-06,1,24.501
5.7663e-06,1,24.502
5.7703e-06,1,24.503
5.7743e-06,1,24.504
5.7783e-06,1,24.505
5.7823e-06,1,24.505
5.7863e-06,1,24.506
5.7903e-06,1,24.507
5.7943e-06,1,24.508
5.7983e-06,1,24.509
5.8023e-06,1,24.51
5.8063e-06,1,24.51
5.8103e-06,1,24.511
5.8143e-06,1,24.512
5.8183e-06,1,24.513
5.8223e-06,1,24.514
5.8263e-06,1,24.514
5.8303e-06,1,24.515
5.8343e-06,1,24.516
5.8383e-06,1,24.516
5.8423e-06,1,24.517
5.8463e-06,1,24.518
5.8503e-06,1,24.518
5.8543e-06,1,24.519
5.8583e-06,1,24.52
5.8623e-06,1,24.52
5.8663e-06,1,24.521
5.8703e-06,1,24.521
5.8743e-06,1,24.522
5.8784e-06,1,24.523
5.8824e-06,1,24.523
5.8864e-06,1,24.524
5.8904e-06,1,24.524
5.8944e-06,1,24.525
5.8984e-06,1,24.525
5.9024e-06,1,24.525
5.9064e-06,1,24.526
5.9104e-06,1,24.526
5.9144e-06,1,24.527
5.9184e-06,1,24.527
5.9224e-06,1,24.527
5.9264e-06,1,24.528
5.9304e-06,1,24.528
5.9344e-06,1,24.528
5.9384e-06,1,24.529
5.9424e-06,1,24.529
5.9464e-06,1,24.529
5.9504e-06,1,24.53
5.9544e-06,1,24.53
5.9584e-06,1,24.53
5.9624e-06,1,24.53
5.9664e-06,1,24.53
5.9704e-06,1,24.531
5.9744e-06,1,24.531
5.9784e-06,1,24.531
5.9824e-06,1,24.531
5.9864e-06,1,24.531
5.9904e-06,1,24.531
5.9944e-06,1,24.531
5.9984e-06,1,24.531
6.0024e-06,1,24.531
6.0064e-06,1,24.531
6.0104e-06,1,24.531
6.0144e-06,1,24.531
6.0184e-06,1,24.531
6.0224e-06,1,24.531
6.0264e-06,1,24.531
6.0304e-06,1,24.531
6.0344e-06,1,24.531
6.0384e-06,1,24.531
6.0424e-06,1,24.531
6.0464e-06,1,24.531
6.0504e-06,1,24.53
6.0544e-06,1,24.53
6.0584e-06,1,24.53
6.0624e-06,1,24.53
6.0664e-06,1,24.53
6.0704e-06,1,24.529
6.0744e-06,1,24.529
6.0784e-06,1,24.529
6.0824e-06,1,24.529
6.0864e-06,1,24.528
6.0904e-06,1,24.528
6.0944e-06,1,24.528
6.0984e-06,1,24.527
6.1024e-06,1,24.527
6.1064e-06,1,24.527
6.1104e-06,1,24.526
6.1144e-06,1,24.526
6.1184e-06,1,24.526
6.1224e-06,1,24.525
6.1265e-06,1,24.525
6.1305e-06,1,24.524
6.1345e-06,1,24.524
6.1385e-06,1,24.524
6.1425e-06,1,24.523
6.1465e-06,1,24.523
6.1505e-06,1,24.522
6.1545e-06,1,24.522
6.1585e-06,1,24.521
6.1625e-06,1,24.521
6.1665e-06,1,24.52
6.1705e-06,1,24.52
6.1745e-06,1,24.519
6.1785e-06,1,24.519
6.1825e-06,1,24.518
6.1865e-06,1,24.518
6.1905e-06,1,24.517
6.1945e-06,1,24.517
6.1985e-06,1,24.516
6.2025e-06,1,24.516
6.2065e-06,1,24.515
6.2105e-06,1,24.514
6.2145e-06,1,24.514
6.2185e-06,1,24.513
6.2225e-06,1,24.513
6.2265e-06,1,24.512
6.2305e-06,1,24.511
6.2345e-06,1,24.511
6.2385e-06,1,24.51
6.2425e-06,1,24.51
6.2465e-06,1,24.509
6.2505e-06,1,24.508
6.2545e-06,1,24.508
6.2585e-06,1,24.507
6.2625e-06,1,24.506
6.2665e-06,1,24.506
6.2705e-06,1,24.505
6.2745e-06,1,24.505
6.2785e-06,1,24.504
6.2825e-06,1,24.503
6.2865e-06,1,24.503
6.2905e-06,1,24.502
6.2945e-06,1,24.501
6.2985e-06,1,24.501
6.3025e-06,1,24.5
6.3065e-06,1,24.499
6.3105e-06,1,24.499
6.3145e-06,1,24.498
6.3185e-06,1,24.498
6.3225e-06,1,24.497
6.3265e-06,1,24.496
6.3305e-06,1,24.496
6.3345e-06,1,24.495
6.3385e-06,1,24.494
6.3425e-06,1,24.494
6.3465e-06,1,24.493
6.3505e-06,1,24.493
6.3545e-06,1,24.492
6.3585e-06,1,24.491
6.3625e-06,1,24.491
6.3665e-06,1,24.49
6.3705e-06,1,24.49
6.3745e-06,1,24.489
6.3786e-06,1,24.489
6.3826e-06,1,24.488
6.3866e-06,1,24.487
6.3906e-06,1,24.487
6.3946e-06,1,24.486
6.3986e-06,1,24.486
6.4026e-06,1,24.485
6.4066e-06,1,24.485
6.4106e-06,1,24.484
6.4146e-06,1,24.484
6.4186e-06,1,24.483
6.4226e-06,1,24.483
6.4266e-06,1,24.482
6.4306e-06,1,24.482
6.4346e-06,1,24.481
6.4386e-06,1,24.481
6.4426e-06,1,24.48
6.4466e-06,1,24.48
6.4506e-06,1,24.479
6.4546e-06,1,24.479
6.4586e-06,1,24.478
6.4626e-06,1,24.478
6.4666e-06,1,24.478
6.4706e-06,1,24.477
6.4746e-06,1,24.477
6.4786e-06,1,24.476
6.4826e-06,1,24.476
6.4866e-06,1,24.476
6.4906e-06,1,24.475
6.4946e-06,1,24.475
6.4986e-06,1,24.475
6.5026e-06,1,24.474
6.5066e-06,1,24.474
6.5106e-06,1,24.474
6.5146e-06,1,24.473
6.5186e-06,1,24.473
6.5226e-06,1,24.473
6.5266e-06,1,24.472
6.5306e-06,1,24.472
6.5346e-06,1,24.472
6.5386e-06,1,24.472
6.5426e-06,1,24.472
6.5466e-06,1,24.471
6.5506e-06,1,24.471
6.5546e-06,1,24.471
6.5586e-06,1,24.471
6.5626e-06,1,24.471
6.5666e-06,1,24.47
6.5706e-06,1,24.47
6.5746e-06,1,24.47
6.5786e-06,1,24.47
6.5826e-06,1,24.47
6.5866e-06,1,24.47
6.5906e-06,1,24.47
6.5946e-06,1,24.47
6.5986e-06,1,24.47
6.6026e-06,1,24.469
6.6066e-06,1,24.469
6.6106e-06,1,24.469
6.6146e-06,1,24.469
6.6186e-06,1,24.469
6.6226e-06,1,24.469
6.6267e-06,1,24.469
6.6307e-06,1,24.469
6.6347e-06,1,24.469
6.6387e-06,1,24.469
6.6427e-06,1,24.469
6.6467e-06,1,24.47
6.6507e-06,1,24.47
6.6547e-06,1,24.47
6.6587e-06,1,24.47
6.6627e-06,1,24.47
6.6667e-06,1,24.47
6.6707e-06,1,24.47
6.6747e-06,1,24.47
6.6787e-06,1,24.47
6.6827e-06,1,24.471
6.6867e-06,1,24.471
6.6907e-06,1,24.471
6.6947e-06,1,24.471
6.6987e-06,1,24.471
6.7027e-06,1,24.471
6.7067e-06,1,24.472
6.7107e-06,1,24.472
6.7147e-06,1,24.472
6.7187e-06,1,24.472
6.7227e-06,1,24.473
6.7267e-06,1,24.473
6.7307e-06,1,24.473
6.7347e-06,1,24.473
6.7387e-06,1,24.474
6.7427e-06,1,24.474
6.7467e-06,1,24.474
6.7507e-06,1,24.474
6.7547e-06,1,24.475
6.7587e-06,1,24.475
6.7627e-06,1,24.475
6.7667e-06,1,24.476
6.7707e-06,1,24.476
6.7747e-06,1,24.476
6.7787e-06,1,24.477
6.7827e-06,1,24.477
6.7867e-06,1,24.477
6.7907e-06,1,24.478
6.7947e-06,1,24.478
6.7987e-06,1,24.479
6.8027e-06,1,24.479
6.8067e-06,1,24.479
6.8107e-06,1,24.48
6.8147e-06,1,24.48
6.8187e-06,1,24.48
6.8227e-06,1,24.481
6.8267e-06,1,24.481
6.8307e-06,1,24.482
6.8347e-06,1,24.482
6.8387e-06,1,24.483
6.8427e-06,1,24.483
6.8467e-06,1,24.483
6.8507e-06,1,24.484
6.8547e-06,1,24.484
6.8587e-06,1,24.485
6.8627e-06,1,24.485
6.8667e-06,1,24.486
6.8707e-06,1,24.486
6.8747e-06,1,24.487
6.8788e-06,1,24.487
6.8828e-06,1,24.487
6.8868e-06,1,24.488
6.8908e-06,1,24.488
6.8948e-06,1,24.489
6.8988e-06,1,24.489
6.9028e-06,1,24.49
6.9068e-06,1,24.49
6.9108e-06,1,24.491
6.9148e-06,1,24.491
6.9188e-06,1,24.492
6.9228e-06,1,24.492
6.9268e-06,1,24.492
6.9308e-06,1,24.493
6.9348e-06,1,24.493
6.9388e-06,1,24.494
6.9428e-06,1,24.494
6.9468e-06,1,24.495
6.9508e-06,1,24.495
6.9548e-06,1,24.496
6.9588e-06,1,24.496
6.9628e-06,1,24.497
6.9668e-06,1,24.497
6.9708e-06,1,24.497
6.9748e-06,1,24.498
6.9788e-06,1,24.498
6.9828e-06,1,24.499
6.9868e-06,1,24.499
6.9908e-06,1,24.5
6.9948e-06,1,24.5
6.9988e-06,1,24.501
7.0028e-06,1,24.501
7.0068e-06,1,24.501
7.0108e-06,1,24.502
7.0148e-06,1,24.502
7.0188e-06,1,24.503
7.0228e-06,1,24.503
7.0268e-06,1,24.503
7.0308e-06,1,24.504
7.0348e-06,1,24.504
7.0388e-06,1,24.505
7.0428e-06,1,24.505
7.0468e-06,1,24.505
7.0508e-06,1,24.506
7.0548e-06,1,24.506
7.0588e-06,1,24.507
7.0628e-06,1,24.507
7.0668e-06,1,24.507
7.0708e-06,1,24.508
7.0748e-06,1,24.508
7.0788e-06,1,24.508
7.0828e-06,1,24.509
7.0868e-06,1,24.509
7.0908e-06,1,24.509
7.0948e-06,1,24.51
7.0988e-06,1,24.51
7.1028e-06,1,24.51
7.1068e-06,1,24.511
7.1108e-06,1,24.511
7.1148e-06,1,24.511
7.1188e-06,1,24.511
7.1228e-06,1,24.512
7.1269e-06,1,24.512
7.1309e-06,1,24.512
7.1349e-06,1,24.512
7.1389e-06,1,24.513
7.1429e-06,1,24.513
7.1469e-06,1,24.513
7.1509e-06,1,24.513
7.1549e-06,1,24.514
7.1589e-06,1,24.514
7.1629e-06,1,24.514
7.1669e-06,1,24.514
7.1709e-06,1,24.514
7.1749e-06,1,24.514
7.1789e-06,1,24.515
7.1829e-06,1,24.515
7.1869e-06,1,24.515
7.1909e-06,1,24.515
7.1949e-06,1,24.515
7.1989e-06,1,24.515
7.2029e-06,1,24.516
7.2069e-06,1,24.516
7.2109e-06,1,24.516
7.2149e-06,1,24.516
7.2189e-06,1,24.516
7.2229e-06,1,24.516
7.2269e-06,1,24.516
7.2309e-06,1,24.516
7.2349e-06,1,24.516
7.2389e-06,1,24.516
7.2429e-06,1,24.516
7.2469e-06,1,24.516
7.2509e-06,1,24.516
7.2549e-06,1,24.516
7.2589e-06,1,24.516
7.2629e-06,1,24.516
7.2669e-06,1,24.517
7.2709e-06,1,24.517
7.2749e-06,1,24.516
7.2789e-06,1,24.516
7.2829e-06,1,24.516
7.2869e-06,1,24.516
7.2909e-06,1,24.516
7.2949e-06,1,24.516
7.2989e-06,1,24.516
7.3029e-06,1,24.516
7.3069e-06,1,24.516
7.3109e-06,1,24.516
7.3149e-06,1,24.516
7.3189e-06,1,24.516
7.3229e-06,1,24.516
7.3269e-06,1,24.516
7.3309e-06,1,24.516
7.3349e-06,1,24.516
7.3389e-06,1,24.515
7.3429e-06,1,24.515
7.3469e-06,1,24.515
7.3509e-06,1,24.515
7.3549e-06,1,24.515
7.3589e-06,1,24.515
7.3629e-06,1,24.515
7.3669e-06,1,24.514
7.3709e-06,1,24.514
7.3749e-06,1,24.514
7.379e-06,1,24.514
7.383e-06,1,24.514
7.387e-06,1,24.514
7.391e-06,1,24.513
7.395e-06,1,24.513
7.399e-06,1,24.513
7.403e-06,1,24.513
7.407e-06,1,24.513
7.411e-06,1,24.512
7.415e-06,1,24.512
7.419e-06,1,24.512
7.423e-06,1,24.512
7.427e-06,1,24.511
7.431e-06,1,24.511
7.435e-06,1,24.511
7.439e-06,1,24.511
7.443e-06,1,24.51
7.447e-06,1,24.51
7.451e-06,1,24.51
7.455e-06,1,24.51
7.459e-06,1,24.509
7.463e-06,1,24.509
7.467e-06,1,24.509
7.471e-06,1,24.509
7.475e-06,1,24.508
7.479e-06,1,24.508
7.483e-06,1,24.508
7.487e-06,1,24.508
7.491e-06,1,24.507
7.495e-06,1,24.507
7.499e-06,1,24.507
7.503e-06,1,24.506
7.507e-06,1,24.506
7.511e-06,1,24.506
7.515e-06,1,24.506
7.519e-06,1,24.505
7.523e-06,1,24.505
7.527e-06,1,24.505
7.531e-06,1,24.504
7.535e-06,1,24.504
7.539e-06,1,24.504
7.543e-06,1,24.504
7.547e-06,1,24.503
7.551e-06,1,24.503
7.555e-06,1,24.503
7.559e-06,1,24.502
7.563e-06,1,24.502
7.567e-06,1,24.502
7.571e-06,1,24.501
7.575e-06,1,24.501
7.579e-06,1,24.501
7.583e-06,1,24.501
7.587e-06,1,24.5
7.591e-06,1,24.5
7.595e-06,1,24.5
7.599e-06,1,24.499
7.603e-06,1,24.499
7.607e-06,1,24.499
7.611e-06,1,24.499
7.615e-06,1,24.498
7.619e-06,1,24.498
7.623e-06,1,24.498
7.6271e-06,1,24.497
7.6311e-06,1,24.497
7.6351e-06,1,24.497
7.6391e-06,1,24.497
7.6431e-06,1,24.496
7.6471e-06,1,24.496
7.6511e-06,1,24.496
7.6551e-06,1,24.496
7.6591e-06,1,24.495
7.6631e-06,1,24.495
7.6671e-06,1,24.495
7.6711e-06,1,24.495
7.6751e-06,1,24.494
7.6791e-06,1,24.494
7.6831e-06,1,24.494
7.6871e-06,1,24.494
7.6911e-06,1,24.493
7.6951e-06,1,24.493
7.6991e-06,1,24.493
7.7031e-06,1,24.493
7.7071e-06,1,24.492
7.7111e-06,1,24.492
7.7151e-06,1,24.492
7.7191e-06,1,24.492
7.7231e-06,1,24.492
7.7271e-06,1,24.491
7.7311e-06,1,24.491
7.7351e-06,1,24.491
7.7391e-06,1,24.491
7.7431e-06,1,24.491
7.7471e-06,1,24.49
7.7511e-06,1,24.49
7.7551e-06,1,24.49
7.7591e-06,1,24.49
7.7631e-06,1,24.49
7.7671e-06,1,24.49
7.7711e-06,1,24.489
7.7751e-06,1,24.489
7.7791e-06,1,24.489
7.7831e-06,1,24.489
7.7871e-06,1,24.489
7.7911e-06,1,24.489
7.7951e-06,1,24.489
7.7991e-06,1,24.489
7.8031e-06,1,24.488
7.8071e-06,1,24.488
7.8111e-06,1,24.488
7.8151e-06,1,24.488
7.8191e-06,1,24.488
7.8231e-06,1,24.488
7.8271e-06,1,24.488
7.8311e-06,1,24.488
7.8351e-06,1,24.488
7.8391e-06,1,24.488
7.8431e-06,1,24.488
7.8471e-06,1,24.487
7.8511e-06,1,24.487
7.8551e-06,1,24.487
7.8591e-06,1,24.487
7.8631e-06,1,24.487
7.8671e-06,1,24.487
7.8711e-06,1,24.487
7.8752e-06,1,24.487
7.8792e-06,1,24.487
7.8832e-06,1,24.487
7.8872e-06,1,24.487
7.8912e-06,1,24.487
7.8952e-06,1,24.487
7.8992e-06,1,24.487
7.9032e-06,1,24.487
7.9072e-06,1,24.487
7.9112e-06,1,24.487
7.9152e-06,1,24.487
7.9192e-06,1,24.487
7.9232e-06,1,24.487
7.9272e-06,1,24.487
7.9312e-06,1,24.487
7.9352e-06,1,24.487
7.9392e-06,1,24.487
7.9432e-06,1,24.487
7.9472e-06,1,24.488
7.9512e-06,1,24.488
7.9552e-06,1,24.488
7.9592e-06,1,24.488
7.9632e-06,1,24.488
7.9672e-06,1,24.488
7.9712e-06,1,24.488
7.9752e-06,1,24.488
7.9792e-06,1,24.488
7.9832e-06,1,24.488
7.9872e-06,1,24.488
7.9912e-06,1,24.488
7.9952e-06,1,24.489
7.9992e-06,1,24.489
8.0032e-06,1,24.489
8.0072e-06,1,24.489
8.0112e-06,1,24.489
8.0152e-06,1,24.489
8.0192e-06,1,24.489
8.0232e-06,1,24.489
8.0272e-06,1,24.49
8.0312e-06,1,24.49
8.0352e-06,1,24.49
8.0392e-06,1,24.49
8.0432e-06,1,24.49
8.0472e-06,1,24.49
8.0512e-06,1,24.491
8.0552e-06,1,24.491
8.0592e-06,1,24.491
8.0632e-06,1,24.491
8.0672e-06,1,24.491
8.0712e-06,1,24.491
8.0752e-06,1,24.492
8.0792e-06,1,24.492
8.0832e-06,1,24.492
8.0872e-06,1,24.492
8.0912e-06,1,24.492
8.0952e-06,1,24.492
8.0992e-06,1,24.493
8.1032e-06,1,24.493
8.1072e-06,1,24.493
8.1112e-06,1,24.493
8.1152e-06,1,24.493
8.1192e-06,1,24.494
8.1232e-06,1,24.494
8.1273e-06,1,24.494
8.1313e-06,1,24.494
8.1353e-06,1,24.494
8.1393e-06,1,24.495
8.1433e-06,1,24.495
8.1473e-06,1,24.495
8.1513e-06,1,24.495
8.1553e-06,1,24.495
8.1593e-06,1,24.496
8.1633e-06,1,24.496
8.1673e-06,1,24.496
8.1713e-06,1,24.496
8.1753e-06,1,24.496
8.1793e-06,1,24.497
8.1833e-06,1,24.497
8.1873e-06,1,24.497
8.1913e-06,1,24.497
8.1953e-06,1,24.497
8.1993e-06,1,24.498
8.2033e-06,1,24.498
8.2073e-06,1,24.498
8.2113e-06,1,24.498
8.2153e-06,1,24.498
8.2193e-06,1,24.499
8.2233e-06,1,24.499
8.2273e-06,1,24.499
8.2313e-06,1,24.499
8.2353e-06,1,24.499
8.2393e-06,1,24.5
8.2433e-06,1,24.5
8.2473e-06,1,24.5
8.2513e-06,1,24.5
8.2553e-06,1,24.5
8.2593e-06,1,24.501
8.2633e-06,1,24.501
8.2673e-06,1,24.501
8.2713e-06,1,24.501
8.2753e-06,1,24.501
8.2793e-06,1,24.502
8.2833e-06,1,24.502
8.2873e-06,1,24.502
8.2913e-06,1,24.502
8.2953e-06,1,24.502
8.2993e-06,1,24.502
8.3033e-06,1,24.503
8.3073e-06,1,24.503
8.3113e-06,1,24.503
8.3153e-06,1,24.503
8.3193e-06,1,24.503
8.3233e-06,1,24.503
8.3273e-06,1,24.504
8.3313e-06,1,24.504
8.3353e-06,1,24.504
8.3393e-06,1,24.504
8.3433e-06,1,24.504
8.3473e-06,1,24.504
8.3513e-06,1,24.505
8.3553e-06,1,24.505
8.3593e-06,1,24.505
8.3633e-06,1,24.505
8.3673e-06,1,24.505
8.3713e-06,1,24.505
8.3754e-06,1,24.505
8.3794e-06,1,24.505
8.3834e-06,1,24.506
8.3874e-06,1,24.506
8.3914e-06,1,24.506
8.3954e-06,1,24.506
8.3994e-06,1,24.506
8.4034e-06,1,24.506
8.4074e-06,1,24.506
8.4114e-06,1,24.506
8.4154e-06,1,24.506
8.4194e-06,1,24.507
8.4234e-06,1,24.507
8.4274e-06,1,24.507
8.4314e-06,1,24.507
8.4354e-06,1,24.507
8.4394e-06,1,24.507
8.4434e-06,1,24.507
8.4474e-06,1,24.507
8.4514e-06,1,24.507
8.4554e-06,1,24.507
8.4594e-06,1,24.507
8.4634e-06,1,24.507
8.4674e-06,1,24.507
8.4714e-06,1,24.508
8.4754e-06,1,24.508
8.4794e-06,1,24.508
8.4834e-06,1,24.508
8.4874e-06,1,24.508
8.4914e-06,1,24.508
8.4954e-06,1,24.508
8.4994e-06,1,24.508
8.5034e-06,1,24.508
8.5074e-06,1,24.508
8.5114e-06,1,24.508
8.5154e-06,1,24.508
8.5194e-06,1,24.508
8.5234e-06,1,24.508
8.5274e-06,1,24.508
8.5314e-06,1,24.508
8.5354e-06,1,24.508
8.5394e-06,1,24.508
8.5434e-06,1,24.508
8.5474e-06,1,24.508
8.5514e-06,1,24.508
8.5554e-06,1,24.508
8.5594e-06,1,24.508
8.5634e-06,1,24.508
8.5674e-06,1,24.508
8.5714e-06,1,24.508
8.5754e-06,1,24.508
8.5794e-06,1,24.508
8.5834e-06,1,24.508
8.5874e-06,1,24.508
8.5914e-06,1,24.508
8.5954e-06,1,24.508
8.5994e-06,1,24.507
8.6034e-06,1,24.507
8.6074e-06,1,24.507
8.6114e-06,1,24.507
8.6154e-06,1,24.507
8.6194e-06,1,24.507
8.6234e-06,1,24.507
8.6275e-06,1,24.507
8.6315e-06,1,24.507
8.6355e-06,1,24.507
8.6395e-06,1,24.507
8.6435e-06,1,24.507
8.6475e-06,1,24.507
8.6515e-06,1,24.507
8.6555e-06,1,24.506
8.6595e-06,1,24.506
8.6635e-06,1,24.506
8.6675e-06,1,24.506
8.6715e-06,1,24.506
8.6755e-06,1,24.506
8.6795e-06,1,24.506
8.6835e-06,1,24.506
8.6875e-06,1,24.506
8.6915e-06,1,24.506
8.6955e-06,1,24.505
8.6995e-06,1,24.505
8.7035e-06,1,24.505
8.7075e-06,1,24.505
8.7115e-06,1,24.505
8.7155e-06,1,24.505
8.7195e-06,1,24.505
8.7235e-06,1,24.505
8.7275e-06,1,24.505
8.7315e-06,1,24.504
8.7355e-06,1,24.504
8.7395e-06,1,24.504
8.7435e-06,1,24.504
8.7475e-06,1,24.504
8.7515e-06,1,24.504
8.7555e-06,1,24.504
8.7595e-06,1,24.504
8.7635e-06,1,24.503
8.7675e-06,1,24.503
8.7715e-06,1,24.503
8.7755e-06,1,24.503
8.7795e-06,1,24.503
8.7835e-06,1,24.503
8.7875e-06,1,24.503
8.7915e-06,1,24.503
8.7955e-06,1,24.502
8.7995e-06,1,24.502
8.8035e-06,1,24.502
8.8075e-06,1,24.502
8.8115e-06,1,24.502
8.8155e-06,1,24.502
8.8195e-06,1,24.502
8.8235e-06,1,24.501
8.8275e-06,1,24.501
8.8315e-06,1,24.501
8.8355e-06,1,24.501
8.8395e-06,1,24.501
8.8435e-06,1,24.501
8.8475e-06,1,24.501
8.8515e-06,1,24.5
8.8555e-06,1,24.5
8.8595e-06,1,24.5
8.8635e-06,1,24.5
8.8675e-06,1,24.5
8.8715e-06,1,24.5
8.8756e-06,1,24.5
8.8796e-06,1,24.5
8.8836e-06,1,24.499
8.8876e-06,1,24.499
8.8916e-06,1,24.499
8.8956e-06,1,24.499
8.8996e-06,1,24.499
8.9036e-06,1,24.499
8.9076e-06,1,24.499
8.9116e-06,1,24.499
8.9156e-06,1,24.498
8.9196e-06,1,24.498
8.9236e-06,1,24.498
8.9276e-06,1,24.498
8.9316e-06,1,24.498
8.9356e-06,1,24.498
8.9396e-06,1,24.498
8.9436e-06,1,24.498
8.9476e-06,1,24.497
8.9516e-06,1,24.497
8.9556e-06,1,24.497
8.9596e-06,1,24.497
8.9636e-06,1,24.497
8.9676e-06,1,24.497
8.9716e-06,1,24.497
8.9756e-06,1,24.497
8.9796e-06,1,24.497
8.9836e-06,1,24.497
8.9876e-06,1,24.496
8.9916e-06,1,24.496
8.9956e-06,1,24.496
8.9996e-06,1,24.496
9.0036e-06,1,24.496
9.0076e-06,1,24.496
9.0116e-06,1,24.496
9.0156e-06,1,24.496
9.0196e-06,1,24.496
9.0236e-06,1,24.496
9.0276e-06,1,24.496
9.0316e-06,1,24.496
9.0356e-06,1,24.495
9.0396e-06,1,24.495
9.0436e-06,1,24.495
9.0476e-06,1,24.495
9.0516e-06,1,24.495
9.0556e-06,1,24.495
9.0596e-06,1,24.495
9.0636e-06,1,24.495
9.0676e-06,1,24.495
9.0716e-06,1,24.495
9.0756e-06,1,24.495
9.0796e-06,1,24.495
9.0836e-06,1,24.495
9.0876e-06,1,24.495
9.0916e-06,1,24.495
9.0956e-06,1,24.495
9.0996e-06,1,24.495
9.1036e-06,1,24.495
9.1076e-06,1,24.495
9.1116e-06,1,24.495
9.1156e-06,1,24.495
9.1196e-06,1,24.494
9.1236e-06,1,24.494
9.1277e-06,1,24.494
9.1317e-06,1,24.494
9.1357e-06,1,24.494
9.1397e-06,1,24.494
9.1437e-06,1,24.494
9.1477e-06,1,24.494
9.1517e-06,1,24.494
9.1557e-06,1,24.494
9.1597e-06,1,24.494
9.1637e-06,1,24.494
9.1677e-06,1,24.494
9.1717e-06,1,24.494
9.1757e-06,1,24.494
9.1797e-06,1,24.494
9.1837e-06,1,24.494
9.1877e-06,1,24.494
9.1917e-06,1,24.494
9.1957e-06,1,24.494
9.1997e-06,1,24.494
9.2037e-06,1,24.494
9.2077e-06,1,24.494
9.2117e-06,1,24.495
9.2157e-06,1,24.495
9.2197e-06,1,24.495
9.2237e-06,1,24.495
9.2277e-06,1,24.495
9.2317e-06,1,24.495
9.2357e-06,1,24.495
9.2397e-06,1,24.495
9.2437e-06,1,24.495
9.2477e-06,1,24.495
9.2517e-06,1,24.495
9.2557e-06,1,24.495
9.2597e-06,1,24.495
9.2637e-06,1,24.495
9.2677e-06,1,24.495
9.2717e-06,1,24.495
9.2757e-06,1,24.495
9.2797e-06,1,24.495
9.2837e-06,1,24.495
9.2877e-06,1,24.495
9.2917e-06,1,24.495
9.2957e-06,1,24.495
9.2997e-06,1,24.496
9.3037e-06,1,24.496
9.3077e-06,1,24.496
9.3117e-06,1,24.496
9.3157e-06,1,24.496
9.3197e-06,1,24.496
9.3237e-06,1,24.496
9.3277e-06,1,24.496
9.3317e-06,1,24.496
9.3357e-06,1,24.496
9.3397e-06,1,24.496
9.3437e-06,1,24.496
9.3477e-06,1,24.496
9.3517e-06,1,24.496
9.3557e-06,1,24.497
9.3597e-06,1,24.497
9.3637e-06,1,24.497
9.3677e-06,1,24.497
9.3717e-06,1,24.497
9.3758e-06,1,24.497
9.3798e-06,1,24.497
9.3838e-06,1,24.497
9.3878e-06,1,24.497
9.3918e-06,1,24.497
9.3958e-06,1,24.497
9.3998e-06,1,24.498
9.4038e-06,1,24.498
9.4078e-06,1,24.498
9.4118e-06,1,24.498
9.4158e-06,1,24.498
9.4198e-06,1,24.498
9.4238e-06,1,24.498
9.4278e-06,1,24.498
9.4318e-06,1,24.498
9.4358e-06,1,24.498
9.4398e-06,1,24.498
9.4438e-06,1,24.499
9.4478e-06,1,24.499
9.4518e-06,1,24.499
9.4558e-06,1,24.499
9.4598e-06,1,24.499
9.4638e-06,1,24.499
9.4678e-06,1,24.499
9.4718e-06,1,24.499
9.4758e-06,1,24.499
9.4798e-06,1,24.499
9.4838e-06,1,24.499
9.4878e-06,1,24.5
9.4918e-06,1,24.5
9.4958e-06,1,24.5
9.4998e-06,1,24.5
9.5038e-06,1,24.5
9.5078e-06,1,24.5
9.5118e-06,1,24.5
9.5158e-06,1,24.5
9.5198e-06,1,24.5
9.5238e-06,1,24.5
9.5278e-06,1,24.5
9.5318e-06,1,24.501
9.5358e-06,1,24.501
9.5398e-06,1,24.501
9.5438e-06,1,24.501
9.5478e-06,1,24.501
9.5518e-06,1,24.501
9.5558e-06,1,24.501
9.5598e-06,1,24.501
9.5638e-06,1,24.501
9.5678e-06,1,24.501
9.5718e-06,1,24.501
9.5758e-06,1,24.501
9.5798e-06,1,24.501
9.5838e-06,1,24.502
9.5878e-06,1,24.502
9.5918e-06,1,24.502
9.5958e-06,1,24.502
9.5998e-06,1,24.502
9.6038e-06,1,24.502
9.6078e-06,1,24.502
9.6118e-06,1,24.502
9.6158e-06,1,24.502
9.6198e-06,1,24.502
9.6238e-06,1,24.502
9.6279e-06,1,24.502
9.6319e-06,1,24.502
9.6359e-06,1,24.502
9.6399e-06,1,24.502
9.6439e-06,1,24.503
9.6479e-06,1,24.503
9.6519e-06,1,24.503
9.6559e-06,1,24.503
9.6599e-06,1,24.503
9.6639e-06,1,24.503
9.6679e-06,1,24.503
9.6719e-06,1,24.503
9.6759e-06,1,24.503
9.6799e-06,1,24.503
9.6839e-06,1,24.503
9.6879e-06,1,24.503
9.6919e-06,1,24.503
9.6959e-06,1,24.503
9.6999e-06,1,24.503
9.7039e-06,1,24.503
9.7079e-06,1,24.503
9.7119e-06,1,24.503
9.7159e-06,1,24.503
9.7199e-06,1,24.503
9.7239e-06,1,24.503
9.7279e-06,1,24.503
9.7319e-06,1,24.503
9.7359e-06,1,24.503
9.7399e-06,1,24.504
9.7439e-06,1,24.504
9.7479e-06,1,24.504
9.7519e-06,1,24.504
9.7559e-06,1,24.504
9.7599e-06,1,24.504
9.7639e-06,1,24.504
9.7679e-06,1,24.504
9.7719e-06,1,24.504
9.7759e-06,1,24.504
9.7799e-06,1,24.504
9.7839e-06,1,24.504
9.7879e-06,1,24.504
9.7919e-06,1,24.504
9.7959e-06,1,24.504
9.7999e-06,1,24.504
9.8039e-06,1,24.504
9.8079e-06,1,24.504
9.8119e-06,1,24.504
9.8159e-06,1,24.504
9.8199e-06,1,24.504
9.8239e-06,1,24.504
9.8279e-06,1,24.504
9.8319e-06,1,24.504
9.8359e-06,1,24.504
9.8399e-06,1,24.504
9.8439e-06,1,24.504
9.8479e-06,1,24.504
9.8519e-06,1,24.504
9.8559e-06,1,24.504
9.8599e-06,1,24.503
9.8639e-06,1,24.503
9.8679e-06,1,24.503
9.8719e-06,1,24.503
9.876e-06,1,24.503
9.88e-06,1,24.503
9.884e-06,1,24.503
9.888e-06,1,24.503
9.892e-06,1,24.503
9.896e-06,1,24.503
9.9e-06,1,24.503
9.904e-06,1,24.503
9.908e-06,1,24.503
9.912e-06,1,24.503
9.916e-06,1,24.503
9.92e-06,1,24.503
9.924e-06,1,24.503
9.928e-06,1,24.503
9.932e-06,1,24.503
9.936e-06,1,24.503
9.94e-06,1,24.503
9.944e-06,1,24.503
9.948e-06,1,24.503
9.952e-06,1,24.503
9.956e-06,1,24.503
9.96e-06,1,24.503
9.964e-06,1,24.503
9.968e-06,1,24.502
9.972e-06,1,24.502
9.976e-06,1,24.502
9.98e-06,1,24.502
9.984e-06,1,24.502
9.988e-06,1,24.502
9.992e-06,1,24.502
9.996e-06,1,24.502
1e-05,1,24.502
